WO;District;LeadTech;Service;Rush;Fecha_informacion;WorkDate;Techs;WtyLbr;WtyParts; LbrHrs ; PartsCost ;Payment
A00100;North;Khan;Assess;;2020-01-01;2020-09-15;2;;; 0.50 ; 360.00 ;Account
A00101;South;Lopez;Replace;;2020-01-01;2020-09-04;1;;; 0.50 ; 90.04 ;Account
A00102;Central;Cartier;Deliver;;2020-01-01;2020-09-17;1;;; 0.25 ; 120.00 ;P.O.
A00103;South;Lopez;Deliver;;2020-01-01;2020-09-17;1;;; 0.25 ; 16.25 ;Account
A00104;Northwest;Cartier;Deliver;Yes;2020-01-01;2020-09-17;1;;; 0.25 ; 45.24 ;Account
A00105;South;Lopez;Assess;;2020-01-01;2020-09-15;1;;; 0.25 ; 97.63 ;Account
A00106;Central;Cartier;Assess;;2020-01-02;2020-09-16;2;;; 0.25 ; 29.13 ;Account
A00107;South;Lopez;Replace;;2020-01-02;2020-10-02;1;;; 0.75 ; 35.10 ;Account
A00108;Northwest;Burton;Deliver;;2020-01-02;2020-10-01;1;;; 0.25 ; 76.70 ;C.O.D.
A00109;Central;Khan;Repair;Yes;2020-01-02;2020-10-06;1;;; 1.50 ; 374.08 ;C.O.D.
A00110;West;Burton;Replace;;2020-01-02;2020-12-08;2;;; 4.75 ; 832.16 ;Account
A00111;South;Lopez;Deliver;Yes;2020-01-03;2020-09-23;1;;; 0.25 ; 70.21 ;Account
A00112;West;Burton;Assess;;2020-01-04;2020-09-30;1;;; 0.50 ; 150.00 ;P.O.
A00113;Central;Michner;Assess;;2020-01-04;2020-10-24;2;;; 1.50 ; 275.00 ;C.O.D.
A00114;Northwest;Khan;Replace;Yes;2020-01-04;2020-11-10;1;;; 0.75 ; 938.00 ;C.O.D.
A00115;South;Lopez;Assess;;2020-01-05;2020-09-21;1;;; 0.25 ; 61.25 ;Account
A00116;West;Burton;Assess;;2020-01-05;2020-09-22;1;;; 1.50 ; 48.00 ;C.O.D.
A00117;Northwest;Burton;Assess;;2020-01-07;2020-09-10;2;;; 0.25 ; 204.28 ;Account
A00118;Northwest;Cartier;Replace;;2020-01-08;2020-09-15;2;;; 0.50 ; 240.00 ;Account
A00119;Southeast;Khan;Replace;;2020-01-08;2020-09-17;2;;; 0.50 ; 120.00 ;Account
A00120;Central;Cartier;Repair;;2020-01-08;2020-09-21;1;;; 1.75 ; 475.00 ;Account
A00121;Southeast;Khan;Replace;;2020-01-08;2020-09-22;1;;; 1.75 ; 341.00 ;C.O.D.
A00122;Northwest;Khan;Assess;;2020-01-08;2020-10-28;1;;; 0.75 ; 61.18 ;C.O.D.
A00123;South;Lopez;Replace;;2020-01-08;2020-11-17;1;;; 0.50 ; 155.39 ;Account
A00124;Northwest;Michner;Replace;Yes;2020-01-01;2020-09-24;2;;; 0.50 ; 204.28 ;C.O.D.
A00125;South;Lopez;Assess;;2020-01-01;2020-09-29;1;;; 0.50 ; 37.92 ;Account
A00126;Northwest;Burton;Deliver;Yes;2020-01-01;2020-09-29;1;;; 0.25 ; 88.41 ;Account
A00127;South;Lopez;Deliver;;2020-01-01;2020-09-29;1;;; 0.25 ; 202.29 ;Account
A00128;West;Khan;Assess;;2020-01-10;2020-09-28;1;;; 0.50 ; 120.00 ;P.O.
A00129;Northwest;Michner;Deliver;;2020-01-11;2020-09-14;1;;; 0.25 ; 120.00 ;Account
A00130;Southwest;Cartier;Replace;;2020-01-11;2020-09-15;2;;; 0.50 ; 535.62 ;C.O.D.
A00131;Northwest;Khan;Assess;;2020-01-11;2020-09-23;2;;; 0.25 ; 24.63 ;Account
A00132;Northwest;Khan;Replace;;2020-01-11;2020-09-26;2;;; 0.50 ; 43.26 ;Account
A00133;West;Khan;Assess;;2020-01-11;2020-10-06;1;;; 0.25 ; 21.33 ;Account
A00134;West;Khan;Replace;;2020-01-12;2020-09-28;1;;; 1.00 ; 0.46 ;C.O.D.
A00135;Northwest;Khan;Assess;;2020-01-14;2020-09-24;2;;; 0.25 ; 126.62 ;C.O.D.
A00136;West;Khan;Replace;;2020-01-14;2020-09-28;1;;; 1.50 ; 251.00 ;Account
A00137;Southeast;Cartier;Assess;Yes;2020-01-14;2020-10-05;1;;; 0.50 ; 395.28 ;P.O.
A00138;Northwest;Michner;Deliver;Yes;2020-01-14;2020-10-07;1;;; 0.25 ; 36.00 ;Account
A00139;South;Lopez;Assess;;2020-01-14;2020-11-23;1;;; 1.75 ; 510.68 ;P.O.
A00140;Northwest;Michner;Replace;;2020-01-15;2020-10-07;2;;; 0.50 ; 42.66 ;Account
A00141;West;Khan;Replace;;2020-01-16;2020-09-28;1;;; 1.00 ; 5.47 ;C.O.D.
A00142;Northwest;Khan;Assess;Yes;2020-01-16;2020-09-28;1;;; 0.25 ; 45.24 ;Account
A00143;Northwest;Burton;Assess;;2020-01-16;2020-10-01;2;;; 0.75 ; 199.45 ;C.O.D.
A00144;Southeast;Burton;Assess;;2020-01-16;2020-10-05;2;;; 0.50 ; 144.00 ;C.O.D.
A00145;Southeast;Burton;Deliver;;2020-01-17;2020-10-06;1;;; 0.25 ; 6.22 ;C.O.D.
A00146;Northwest;Michner;Replace;;2020-01-17;2020-10-12;2;;; 1.00 ; 36.00 ;Account
A00147;Central;Cartier;Assess;;2020-01-17;2020-10-12;2;;; 0.75 ; 40.00 ;C.O.D.
A00148;South;Lopez;Assess;;2020-01-17;2020-11-17;1;;; 0.25 ; 87.58 ;Account
A00149;West;Khan;Replace;;2020-01-21;2020-09-28;1;;; 0.50 ; 30.00 ;C.O.D.
A00150;Southeast;Michner;Deliver;;2020-01-21;2020-10-19;1;;; 0.25 ; 144.00 ;P.O.
A00151;West;Khan;Replace;Yes;2020-01-21;2020-11-04;1;;; 0.75 ; 297.51 ;Account
A00152;West;Michner;Assess;;2020-01-21;2020-11-25;1;;; 0.50 ; 64.17 ;P.O.
A00153;South;Lopez;Deliver;;2020-01-22;2020-10-01;1;;; 0.25 ; 20.48 ;Account
A00154;West;Khan;Repair;;2020-01-23;2020-10-07;1;;; 1.00 ; 200.00 ;C.O.D.
A00155;Southeast;Burton;Repair;;2020-01-23;2020-10-15;1;;; 1.50 ; 123.96 ;C.O.D.
A00156;Central;Cartier;Replace;;2020-01-23;2020-10-24;1;;; 0.50 ; 193.88 ;Account
A00157;Southeast;Khan;Assess;;2020-01-23;2020-10-28;2;;; 0.50 ; 1.17 ;C.O.D.
A00158;Central;Michner;Assess;;2020-01-24;2020-10-05;2;;; 0.75 ; 664.79 ;Account
A00159;Northwest;Khan;Deliver;;2020-01-24;2020-10-15;1;;; 0.25 ; 160.00 ;Account
A00160;Northwest;Burton;Replace;;2020-01-24;2020-11-05;2;;; 0.75 ; 159.50 ;Account
A00161;North;Cartier;Assess;;2020-01-24;2020-11-17;2;;; 0.75 ; 169.64 ;P.O.
A00162;Southwest;Burton;Replace;;2020-01-28;2020-09-30;2;;; 0.50 ; 202.86 ;Account
A00163;South;Lopez;Assess;;2020-01-28;2020-10-07;1;;; 0.50 ; 10.53 ;P.O.
A00164;Central;Michner;Replace;;2020-01-28;2020-10-27;2;;; 0.75 ; 1.82 ;C.O.D.
A00165;South;Khan;Assess;;2020-01-29;2020-10-08;2;;; 0.50 ; 54.12 ;Account
A00166;Northwest;Michner;Deliver;;2020-01-29;2020-10-21;2;;; 0.25 ; 367.71 ;Account
A00167;West;Lopez;Assess;;2020-01-29;2020-10-19;1;;; 1.50 ; 139.04 ;Account
A00168;West;Khan;Replace;;2020-01-29;2020-10-27;1;;; 0.50 ; 50.32 ;P.O.
A00169;Central;Burton;Repair;;2020-01-29;2020-11-24;1;;; 1.00 ; 122.43 ;C.O.D.
A00170;West;Khan;Assess;;2020-01-29;2020-12-02;1;;; 1.00 ; 78.55 ;P.O.
A00171;Northwest;Khan;Deliver;Yes;2020-01-30;2020-10-07;1;;; 0.25 ; 239.10 ;Account
A00172;Central;Cartier;Replace;;2020-01-30;2020-10-19;1;;; 0.50 ; 61.18 ;C.O.D.
A00173;Northwest;Cartier;Repair;;2020-01-30;2020-11-18;2;;; 2.25 ; 800.71 ;Account
A00174;Northwest;Khan;Assess;;2020-10-01;2020-10-26;1;;; 0.25 ; 19.20 ;Account
A00175;South;Lopez;Assess;;2020-10-05;2020-10-13;1;;; 0.25 ; 19.50 ;Account
A00176;South;Lopez;Deliver;;2020-10-05;2020-10-13;1;;; 0.25 ; 22.43 ;Account
A00177;West;Burton;Assess;;2020-10-05;2020-10-13;1;;; 0.50 ; 26.58 ;Account
A00178;Central;Cartier;Assess;;2020-10-05;2020-10-24;1;;; 0.50 ; 288.21 ;C.O.D.
A00179;South;Lopez;Replace;;2020-10-05;2020-10-19;1;;; 0.50 ; 54.24 ;Account
A00180;West;Lopez;Assess;;2020-10-06;2020-10-19;1;;; 0.25 ; 332.40 ;P.O.
A00181;Northwest;Khan;Assess;;2020-10-06;2020-10-23;2;;; 0.75 ; 124.16 ;C.O.D.
A00182;Central;Burton;Deliver;;2020-10-06;2020-10-26;1;;; 0.25 ; 21.63 ;Account
A00183;Northwest;Khan;Assess;;2020-10-07;2020-10-19;2;;Yes; 0.25 ; 33.00 ;C.O.D.
A00184;Northwest;Khan;Assess;;2020-10-07;2020-10-19;2;;; 0.50 ; 154.50 ;C.O.D.
A00185;South;Lopez;Repair;;2020-10-07;2020-10-20;1;;; 1.00 ; 48.75 ;Account
A00186;South;Lopez;Deliver;;2020-10-08;2020-10-20;1;;; 0.25 ; 76.17 ;Account
A00187;Northwest;Khan;Replace;;2020-10-08;2020-11-07;1;;; 0.75 ; 117.00 ;C.O.D.
A00188;Northwest;Cartier;Repair;;2020-10-08;2020-11-10;2;;; 1.50 ; 1,575.97 ;C.O.D.
A00189;West;Khan;Replace;;2020-10-08;2020-11-18;1;;; 0.50 ; 21.33 ;P.O.
A00190;Southeast;Michner;Replace;;2020-10-08;2020-11-30;1;;; 0.50 ; 74.79 ;Account
A00191;Northeast;Michner;Repair;;2020-10-08;2020-12-01;2;;; 4.75 ; 1,123.97 ;C.O.D.
A00192;Central;Burton;Assess;;2020-10-12;2020-10-26;2;;; 1.00 ; 128.98 ;Account
A00193;West;Khan;Replace;;2020-10-12;2020-11-04;1;;; 0.50 ; 144.00 ;P.O.
A00194;Central;Michner;Assess;;2020-10-12;2020-11-05;2;;; 1.00 ; 1,211.83 ;Account
A00195;South;Michner;Replace;;2020-10-12;2020-11-18;1;;; 0.50 ; 54.12 ;Account
A00196;Northwest;Michner;Assess;Yes;2020-10-12;2020-11-19;1;;; 0.50 ; 55.94 ;C.O.D.
A00197;Southeast;Michner;Assess;Yes;2020-10-13;2020-10-27;1;;; 0.50 ; 11.06 ;P.O.
A00198;West;Khan;Repair;;2020-10-13;2020-10-27;1;;; 2.00 ; 77.17 ;Account
A00199;Northwest;Khan;Assess;;2020-10-14;2020-10-19;2;;; 0.50 ; 66.16 ;Account
A00200;Southwest;Michner;Deliver;;2020-10-14;2020-10-27;1;;; 0.25 ; 27.95 ;Account
A00201;West;Khan;Assess;;2020-10-14;2020-10-27;1;;; 1.00 ; 216.31 ;C.O.D.
A00202;Central;Burton;Repair;;2020-10-14;2020-11-03;2;;; 2.00 ; 619.51 ;P.O.
A00203;West;Michner;Replace;;2020-10-14;2020-11-10;1;;; 0.50 ; 3.12 ;C.O.D.
A00204;Central;Michner;Assess;;2020-10-15;2020-10-22;1;;; 0.75 ; 163.26 ;Account
A00205;South;Lopez;Deliver;;2020-10-15;2020-10-28;1;;; 0.25 ; 65.25 ;Account
A00206;West;Michner;Deliver;;2020-10-15;2020-11-10;1;;; 0.25 ; 30.00 ;P.O.
A00207;West;Michner;Replace;;2020-10-15;2020-11-10;1;;; 0.50 ; 105.84 ;Account
A00208;Northwest;Burton;Replace;;2020-10-19;2020-11-05;2;;; 1.00 ; 547.09 ;C.O.D.
A00209;West;Michner;Replace;;2020-10-19;2020-11-25;1;;; 1.00 ; 120.00 ;P.O.
A00210;Northwest;Khan;Assess;;2020-10-20;2020-10-30;1;;; 0.25 ; 30.00 ;Account
A00211;Central;Cartier;Deliver;;2020-10-20;2020-11-24;1;;; 0.25 ; 27.63 ;Account
A00212;Central;Burton;Assess;;2020-10-21;2020-11-06;1;;; 0.25 ; 250.42 ;Account
A00213;Northwest;Michner;Assess;Yes;2020-10-21;2020-11-05;2;;; 0.25 ; 38.70 ;C.O.D.
A00214;Northwest;Cartier;Assess;Yes;2020-10-21;2020-11-10;2;;; 0.25 ; 33.00 ;Account
A00215;West;Michner;Assess;;2020-10-21;2020-11-10;1;;; 0.75 ; 126.00 ;P.O.
A00216;Central;Michner;Install;;2020-10-21;2021-01-25;2;;; 8.25 ; 4,946.00 ;Account
A00217;Southeast;Michner;Replace;Yes;2020-10-22;2020-10-29;1;;; 0.50 ; 33.54 ;P.O.
A00218;Central;Burton;Assess;;2020-10-24;2020-11-06;2;;; 0.25 ; 25.00 ;Account
A00219;West;Khan;Assess;;2020-10-24;2020-11-24;1;;; 0.50 ; 28.59 ;Account
A00220;West;Burton;Replace;;2020-10-24;2020-12-14;2;;; 2.50 ; 213.48 ;Account
A00221;West;Khan;Assess;;2020-10-26;2020-10-27;1;;; 0.50 ; 83.44 ;Account
A00222;Southeast;Khan;Repair;;2020-10-26;2020-11-17;2;;; 1.00 ; 25.00 ;C.O.D.
A00223;South;Lopez;Assess;;2020-10-27;2020-11-17;1;;; 0.25 ; 67.96 ;Account
A00224;West;Khan;Replace;;2020-10-27;2020-12-16;1;;; 0.50 ; 172.02 ;P.O.
A00225;South;Lopez;Assess;;2020-10-27;2021-01-16;1;;; 0.50 ; 102.22 ;P.O.
A00226;South;Lopez;Replace;;2020-10-28;2020-11-30;1;;; 0.50 ; 373.55 ;Account
A00227;South;Lopez;Install;;2020-10-28;2020-12-01;3;;; 2.75 ; 1,249.09 ;Account
A00228;Northwest;Khan;Deliver;;2020-10-29;2020-11-06;1;;; 0.25 ; 240.00 ;Account
A00229;Northwest;Cartier;Deliver;;2020-10-29;2020-11-18;1;;; 0.25 ; 27.00 ;C.O.D.
A00230;West;Khan;Replace;;2020-11-02;2020-11-04;2;;; 1.00 ; 228.63 ;C.O.D.
A00231;West;Michner;Assess;;2020-11-02;2020-11-25;1;;; 0.50 ; 26.58 ;Account
A00232;North;Michner;Replace;;2020-11-02;2020-12-07;2;;; 0.75 ; 5.71 ;Account
A00233;Central;Michner;Replace;;2020-11-02;2021-01-11;2;;; 0.50 ; 263.05 ;C.O.D.
A00234;Southeast;Cartier;Replace;;2020-11-02;2021-04-15;2;;; 1.75 ; 8.25 ;Account
A00235;Southeast;Khan;Replace;;2020-11-03;2020-11-30;1;;; 0.50 ; 15.63 ;Account
A00236;Central;Michner;Replace;;2020-11-03;2020-12-02;1;;; 0.50 ; 15.63 ;Account
A00237;Southeast;Burton;Assess;;2020-11-03;2020-12-08;1;;; 0.75 ; 28.50 ;C.O.D.
A00238;West;Khan;Replace;;2020-11-04;2020-11-09;1;;; 0.50 ; 748.44 ;Account
A00239;West;Michner;Install;;2020-11-04;2020-11-17;1;;; 1.00 ; 86.36 ;P.O.
A00240;North;Cartier;Deliver;;2020-11-04;2020-11-17;1;;; 0.25 ; 108.00 ;P.O.
A00241;Central;Cartier;Replace;;2020-11-04;2020-11-24;2;;; 0.50 ; 279.31 ;Account
A00242;West;Khan;Assess;;2020-11-04;2020-12-02;1;;; 0.50 ; 25.26 ;Account
A00243;Central;Cartier;Replace;;2020-11-05;2020-11-18;1;;; 1.00 ; 351.02 ;C.O.D.
A00244;West;Michner;Replace;;2020-11-05;2020-11-25;1;;; 0.50 ; 27.95 ;Account
A00245;Northwest;Burton;Assess;;2020-11-07;2020-12-09;2;;; 0.75 ; 62.13 ;Account
A00246;South;Lopez;Install;;2020-11-01;2020-11-26;1;;; 7.00 ; 3,396.25 ;P.O.
A00247;East;Ling;Replace;;2020-11-01;2021-03-03;2;;; 0.50 ; 22.00 ;Account
A00248;West;Khan;Replace;;2020-11-10;2020-12-09;1;;; 0.50 ; 163.37 ;P.O.
A00249;South;Lopez;Assess;;2020-11-11;2020-11-25;1;;; 0.25 ; 25.41 ;Account
A00250;Southeast;Cartier;Replace;;2020-11-11;2020-12-03;2;;; 0.75 ; 182.70 ;C.O.D.
A00251;Southeast;Khan;Replace;;2020-11-11;2020-11-30;1;;; 0.50 ; 73.51 ;C.O.D.
A00252;Central;Cartier;Replace;Yes;2020-11-11;2020-12-01;2;;; 0.50 ; 115.22 ;Account
A00253;Northwest;Cartier;Replace;;2020-11-12;2020-11-19;2;;; 0.75 ; 340.45 ;C.O.D.
A00254;West;Khan;Assess;;2020-11-12;2020-11-26;1;;; 0.50 ; 12.00 ;Account
A00255;Southeast;Khan;Replace;;2020-11-13;2020-11-24;1;;; 0.50 ; 36.75 ;Account
A00256;South;Lopez;Install;;2020-11-14;2020-12-05;1;;; 1.75 ; 183.95 ;P.O.
A00257;West;Khan;Assess;Yes;2020-11-14;2020-12-02;1;;; 0.25 ; 26.58 ;P.O.
A00258;West;Khan;Assess;;2020-11-16;2020-12-02;1;;; 0.50 ; 13.42 ;C.O.D.
A00259;West;Khan;Install;;2020-11-16;2020-12-03;1;;; 1.00 ; 324.00 ;P.O.
A00260;Southeast;Khan;Replace;;2020-11-17;2020-12-09;2;;; 0.50 ; 504.21 ;C.O.D.
A00261;Central;Khan;Assess;Yes;2020-11-17;2020-12-15;2;;; 0.50 ; 338.07 ;Account
A00262;Southeast;Burton;Assess;;2020-11-18;2020-11-30;2;;; 1.50 ; 0.98 ;C.O.D.
A00263;Southeast;Khan;Assess;;2020-11-18;2020-11-30;1;;; 0.50 ; 14.88 ;Account
A00264;South;Lopez;Assess;;2020-11-19;2020-11-30;1;;; 0.50 ; 81.90 ;Account
A00265;Northwest;Burton;Assess;;2020-11-19;2020-12-03;2;;; 0.25 ; 21.33 ;Account
A00266;Central;Khan;Assess;;2020-11-19;2020-12-03;1;;; 0.25 ; 120.00 ;P.O.
A00267;Northwest;Michner;Replace;;2020-11-19;2020-12-17;2;;; 0.50 ; 1,579.40 ;Account
A00268;South;Khan;Replace;;2020-11-21;2020-11-30;2;;; 0.50 ; 174.18 ;C.O.D.
A00269;Central;Burton;Replace;;2020-11-23;2020-12-07;1;;; 0.75 ; 20.00 ;Account
A00270;Northwest;Khan;Install;;2020-11-23;2021-01-05;1;;; 2.50 ; 689.15 ;P.O.
A00271;Southeast;Michner;Assess;;2020-11-23;2021-01-07;1;;; 0.25 ; 156.00 ;Account
A00272;South;Lopez;Assess;;2020-11-23;2021-01-16;1;;; 0.25 ; 45.73 ;Account
A00273;East;Ling;Replace;;2020-11-23;2021-02-09;2;;; 0.50 ; 204.28 ;Account
A00274;Northwest;Khan;Deliver;Yes;2020-11-24;2020-11-26;1;;; 0.25 ; 21.33 ;Account
A00275;Southeast;Khan;Replace;;2020-11-24;2020-12-03;1;;; 0.50 ; 34.08 ;P.O.
A00276;Northwest;Michner;Replace;;2020-11-24;2020-12-03;2;;; 0.75 ; 212.01 ;Account
A00277;Northwest;Khan;Repair;;2020-11-24;2020-12-07;1;;; 1.00 ; 341.27 ;C.O.D.
A00278;Central;Cartier;Replace;;2020-11-24;2021-02-18;1;;; 0.50 ; 25.77 ;Account
A00279;Southeast;Khan;Assess;Yes;2020-11-25;2020-12-07;1;;; 0.50 ; 133.37 ;Account
A00280;West;Khan;Assess;;2020-11-25;2021-01-04;1;;; 0.50 ; 66.86 ;Account
A00281;West;Khan;Assess;;2020-11-25;2021-01-04;1;;; 0.75 ; 94.26 ;P.O.
A00282;West;Khan;Assess;;2020-11-25;2021-01-04;1;;; 0.25 ; 120.00 ;C.O.D.
A00283;West;Khan;Deliver;;2020-11-26;2020-12-02;1;;; 0.25 ; 120.00 ;Account
A00284;Northwest;Burton;Deliver;Yes;2020-11-26;2020-12-03;1;;; 0.25 ; 45.99 ;P.O.
A00285;Southeast;Burton;Assess;;2020-11-26;2020-12-10;1;;; 0.50 ; 33.00 ;C.O.D.
A00286;Northwest;Michner;Assess;;2020-11-26;2021-01-11;1;;; 0.25 ; 21.33 ;C.O.D.
A00287;Northwest;Cartier;Deliver;Yes;2020-11-26;2021-02-17;1;;; 0.25 ; 37.26 ;Account
A00288;Southeast;Khan;Replace;;2020-11-27;2020-12-22;1;;; 1.00 ; 81.89 ;C.O.D.
A00289;Central;Khan;Deliver;Yes;2020-11-30;2020-12-08;1;;; 0.25 ; 10.10 ;C.O.D.
A00290;Southeast;Khan;Deliver;;2020-11-30;2020-12-08;1;;; 0.25 ; 17.88 ;Account
A00291;Northeast;Michner;Repair;;2020-11-30;2020-12-08;2;;; 2.75 ; 1,204.64 ;C.O.D.
A00292;Northeast;Burton;Repair;;2020-11-30;2020-12-17;2;;; 3.00 ; 111.00 ;C.O.D.
A00293;West;Khan;Assess;;2020-11-30;2021-01-04;1;;; 0.25 ; 21.21 ;P.O.
A00294;Northeast;Ling;Assess;;2020-11-30;2021-02-25;2;;; 0.50 ; 158.31 ;C.O.D.
A00295;Southeast;Burton;Assess;;2020-12-01;2021-01-11;1;;; 0.50 ; 36.75 ;C.O.D.
A00296;North;Ling;Replace;;2020-12-01;2021-05-04;2;;; 0.50 ; 242.07 ;C.O.D.
A00297;Northwest;Khan;Assess;;2020-12-02;2020-12-17;1;;; 0.50 ; 30.00 ;C.O.D.
A00298;Northwest;Khan;Assess;Yes;2020-12-02;2020-12-15;1;;; 0.50 ; 52.90 ;C.O.D.
A00299;Northwest;Cartier;Deliver;Yes;2020-12-02;2020-12-17;1;;; 0.25 ; 36.75 ;Account
A00300;Southeast;Michner;Deliver;;2020-12-02;2021-01-07;1;;; 0.25 ; 45.24 ;C.O.D.
A00301;Northwest;Cartier;Replace;Yes;2020-12-02;2021-01-27;1;;; 0.75 ; 42.66 ;Account
A00302;North;Ling;Replace;;2020-12-02;2021-02-15;2;;; 1.00 ; 226.00 ;Account
A00303;South;Michner;Assess;;2020-12-03;2021-01-06;2;;; 0.50 ; 45.24 ;Account
A00304;Northwest;Burton;Deliver;Yes;2020-12-03;2021-01-25;1;;; 0.25 ; 36.97 ;C.O.D.
A00305;South;Lopez;Assess;;2020-12-05;2020-12-23;1;;; 0.50 ; 138.57 ;Account
A00306;South;Lopez;Deliver;;2020-12-05;2021-01-06;1;;; 0.25 ; 126.56 ;Account
A00307;West;Burton;Install;;2020-12-07;2021-01-05;2;;; 1.00 ; 51.45 ;P.O.
A00308;South;Lopez;Deliver;;2020-12-07;2021-01-07;1;;; 0.25 ; 227.94 ;Account
A00309;Northwest;Michner;Replace;;2020-12-07;2021-01-11;1;;; 0.50 ; 367.71 ;P.O.
A00310;North;Khan;Replace;;2020-12-07;2021-01-12;2;;; 1.25 ; 637.53 ;Account
A00311;Central;Khan;Replace;;2020-12-08;2020-12-15;2;;; 3.00 ; 21.33 ;Account
A00312;West;Cartier;Replace;;2020-12-08;2020-12-16;2;;; 1.50 ; 318.73 ;Account
A00313;Northwest;Cartier;Replace;Yes;2020-12-08;2021-02-12;2;;; 0.75 ; 35.45 ;Account
A00314;South;Lopez;Install;;2020-12-01;2020-12-17;1;;; 1.75 ; 131.30 ;P.O.
A00315;Northwest;Cartier;Deliver;;2020-12-01;2021-01-11;1;;; 0.25 ; 37.26 ;C.O.D.
A00316;Northeast;Michner;Install;;2020-12-01;2021-01-12;2;;; 3.00 ; 1,193.75 ;C.O.D.
A00317;Southeast;Michner;Replace;Yes;2020-12-10;2020-12-14;1;;; 0.50 ; 250.42 ;C.O.D.
A00318;South;Lopez;Deliver;;2020-12-10;2021-01-07;1;;; 0.25 ; 67.70 ;P.O.
A00319;Central;Burton;Install;;2020-12-10;2021-01-07;2;;; 1.25 ; 58.24 ;Account
A00320;West;Lopez;Assess;;2020-12-10;2021-01-14;1;;; 0.50 ; 32.23 ;P.O.
A00321;Central;Khan;Replace;;2020-12-10;2021-01-23;1;;; 2.25 ; 180.00 ;Account
A00322;West;Khan;Assess;Yes;2020-12-12;2021-01-28;1;;; 1.00 ; 337.92 ;Account
A00323;Northwest;Michner;Assess;Yes;2020-12-14;2020-12-15;1;;; 0.75 ; 63.99 ;Account
A00324;West;Khan;Assess;;2020-12-14;2020-12-16;1;;; 0.50 ; 145.89 ;P.O.
A00325;West;Khan;Deliver;;2020-12-14;2021-01-04;1;;; 0.25 ; 30.00 ;P.O.
A00326;West;Khan;Replace;;2020-12-14;2021-01-04;1;;; 0.50 ; 57.10 ;Account
A00327;North;Khan;Install;;2020-12-14;2021-01-13;2;;; 3.50 ; 262.44 ;Account
A00328;West;Khan;Assess;;2020-12-14;2021-01-19;1;;; 0.50 ; 21.33 ;P.O.
A00329;South;Lopez;Repair;;2020-12-14;2021-05-04;1;;; 4.00 ; 1,769.63 ;P.O.
A00330;South;Lopez;Replace;;2020-12-15;2021-01-13;1;;; 0.75 ; 82.88 ;P.O.
A00331;Central;Michner;Assess;;2020-12-15;2021-01-25;2;;; 0.75 ; 2,294.00 ;Account
A00332;Southeast;Khan;Assess;;2020-12-16;2020-12-23;1;;; 1.00 ; 348.74 ;Account
A00333;South;Lopez;Assess;;2020-12-16;2021-01-14;1;;; 0.25 ; 140.40 ;Account
A00334;East;Ling;Assess;;2020-12-16;2021-02-01;2;;; 0.50 ; 134.00 ;Account
A00335;Northwest;Burton;Repair;;2020-12-21;2021-01-26;2;;; 1.00 ; 305.63 ;Account
A00336;Northwest;Michner;Assess;Yes;2021-01-04;2021-01-11;1;;; 0.25 ; 19.20 ;Account
A00337;South;Lopez;Assess;;2021-01-04;2021-01-13;1;;; 0.50 ; 18.53 ;P.O.
A00338;West;Lopez;Deliver;;2021-01-04;2021-01-13;1;;; 0.25 ; 39.00 ;Account
A00339;South;Lopez;Assess;;2021-01-04;2021-01-14;2;;; 0.25 ; 36.50 ;P.O.
A00340;Central;Cartier;Assess;;2021-01-04;2021-01-14;2;;; 0.50 ; 29.81 ;C.O.D.
A00341;Central;Michner;Assess;;2021-01-04;2021-01-14;1;;; 0.25 ; 43.02 ;Account
A00342;Northwest;Burton;Deliver;;2021-01-04;2021-01-21;1;;; 0.25 ; 66.86 ;Account
A00343;Northwest;Burton;Replace;;2021-01-04;2021-02-11;1;;; 0.75 ; 408.57 ;Account
A00344;South;Lopez;Assess;;2021-01-05;2021-01-14;1;;; 0.25 ; 25.25 ;P.O.
A00345;Central;Cartier;Replace;;2021-01-05;2021-01-25;1;;; 1.25 ; 646.00 ;Account
A00346;Central;Michner;Deliver;;2021-01-05;2021-01-30;1;;; 0.25 ; 125.42 ;C.O.D.
A00347;Northwest;Khan;Assess;;2021-01-05;2021-02-02;2;;; 0.75 ; 286.73 ;Account
A00348;South;Michner;Install;;2021-01-05;2021-02-02;1;;; 2.50 ; 258.03 ;C.O.D.
A00349;South;Lopez;Assess;;2021-01-05;2021-05-04;1;;; 0.25 ; 14.30 ;P.O.
A00350;South;Lopez;Assess;;2021-01-06;2021-01-18;1;;; 0.25 ; 44.85 ;P.O.
A00351;Northwest;Michner;Assess;;2021-01-06;2021-01-21;2;;; 0.50 ; 74.61 ;C.O.D.
A00352;North;Ling;Replace;Yes;2021-01-06;2021-02-03;2;;; 0.50 ; 126.71 ;Account
A00353;North;Ling;Replace;;2021-01-06;2021-03-04;2;;; 1.25 ; 256.84 ;Account
A00354;Southeast;Cartier;Deliver;;2021-01-07;2021-01-19;1;;; 0.25 ; 32.67 ;P.O.
A00355;Northwest;Cartier;Assess;Yes;2021-01-07;2021-02-01;2;;; 0.50 ; 72.35 ;Account
A00356;North;Ling;Replace;;2021-01-07;2021-02-05;2;;; 0.50 ; 178.50 ;C.O.D.
A00357;Northwest;Burton;Replace;;2021-01-07;2021-02-22;1;;; 0.50 ; 18.25 ;C.O.D.
A00358;North;Ling;Assess;;2021-01-07;2021-02-22;2;;; 1.75 ; 151.81 ;C.O.D.
A00359;Southeast;Burton;Deliver;;2021-01-08;2021-01-16;1;;; 0.25 ; 85.09 ;C.O.D.
A00360;South;Lopez;Assess;;2021-01-08;2021-02-01;1;;; 0.25 ; 67.07 ;Account
A00361;South;Lopez;Deliver;;2021-01-11;2021-01-21;1;;; 0.25 ; 162.21 ;Account
A00362;Southeast;Burton;Install;;2021-01-11;2021-01-28;1;;; 1.25 ; 53.69 ;Account
A00363;Southeast;Michner;Assess;;2021-01-11;2021-02-01;2;;; 1.00 ; 211.85 ;C.O.D.
A00364;South;Lopez;Assess;;2021-01-11;2021-02-01;1;;; 0.25 ; 150.32 ;P.O.
A00365;East;Ling;Assess;;2021-01-11;2021-02-23;2;;; 0.25 ; 46.86 ;Account
A00366;South;Lopez;Assess;;2021-01-12;2021-01-21;1;;; 0.25 ; 19.50 ;P.O.
A00367;Central;Cartier;Replace;;2021-01-12;2021-01-19;1;;; 1.25 ; 256.72 ;C.O.D.
A00368;Northwest;Khan;Replace;;2021-01-13;2021-01-30;1;;; 1.00 ; 86.29 ;C.O.D.
A00369;South;Lopez;Assess;;2021-01-14;2021-01-19;1;;; 0.25 ; 108.31 ;P.O.
A00370;Southeast;Cartier;Assess;;2021-01-14;2021-01-25;1;;; 0.25 ; 70.82 ;C.O.D.
A00371;South;Lopez;Assess;Yes;2021-01-14;2021-02-01;1;;; 0.50 ; 56.92 ;Account
A00372;Northwest;Burton;Assess;;2021-01-14;2021-02-05;2;;; 0.50 ; 74.53 ;C.O.D.
A00373;North;Ling;Assess;;2021-01-14;2021-02-15;2;;; 0.50 ; 137.22 ;Account
A00374;Northwest;Cartier;Assess;Yes;2021-01-15;2021-02-01;2;;; 0.50 ; 83.46 ;Account
A00375;West;Khan;Assess;;2021-01-16;2021-02-03;1;;; 1.00 ; 9.92 ;P.O.
A00376;Southeast;Cartier;Assess;;2021-01-18;2021-01-25;1;;; 0.25 ; 72.35 ;C.O.D.
A00377;Northwest;Cartier;Deliver;Yes;2021-01-18;2021-01-27;1;;; 0.25 ; 19.98 ;Account
A00378;East;Ling;Repair;;2021-01-18;2021-02-02;2;;; 1.25 ; 85.32 ;Account
A00379;West;Khan;Assess;;2021-01-18;2021-03-01;1;;; 0.50 ; 180.00 ;P.O.
A00380;East;Ling;Assess;;2021-01-19;2021-02-04;2;;; 0.25 ; 52.35 ;Account
A00381;East;Ling;Assess;;2021-01-19;2021-02-09;2;;; 0.50 ; 45.29 ;Account
A00382;South;Lopez;Deliver;;2021-01-20;2021-01-28;1;;; 0.25 ; 11.70 ;Account
A00383;Central;Khan;Deliver;;2021-01-20;2021-05-13;1;;; 0.25 ; 37.71 ;P.O.
A00384;Central;Michner;Install;;2021-01-21;2021-02-02;1;;; 1.00 ; 155.04 ;C.O.D.
A00385;South;Lopez;Assess;;2021-01-21;2021-02-12;1;;; 1.25 ; 93.60 ;P.O.
A00386;North;Ling;Deliver;;2021-01-21;2021-02-10;1;;; 0.25 ; 21.33 ;Account
A00387;Central;Burton;Repair;;2021-01-21;2021-03-23;1;;; 2.50 ; 357.11 ;Account
A00388;Northwest;Burton;Deliver;;2021-01-22;2021-01-30;1;;; 0.25 ; 120.00 ;C.O.D.
A00389;Southeast;Burton;Replace;;2021-01-25;2021-02-09;1;;; 0.50 ; 52.35 ;C.O.D.
A00390;Northwest;Cartier;Replace;;2021-01-25;2021-02-15;1;;; 3.25 ; 511.88 ;Account
A00391;North;Ling;Replace;;2021-01-25;2021-03-20;2;;; 2.00 ; 368.87 ;Account
A00392;North;Ling;Deliver;;2021-01-27;2021-02-04;1;;; 0.25 ; 120.00 ;Account
A00393;North;Ling;Replace;Yes;2021-01-27;2021-02-22;2;;; 0.50 ; 5.47 ;C.O.D.
A00394;Southeast;Khan;Assess;;2021-01-28;2021-02-08;1;;; 1.00 ; 60.00 ;C.O.D.
A00395;Northwest;Burton;Replace;;2021-01-28;2021-02-10;1;;; 0.75 ; 114.89 ;P.O.
A00396;North;Ling;Assess;;2021-01-28;2021-02-18;2;;; 0.25 ; 23.90 ;C.O.D.
A00397;South;Lopez;Assess;;2021-01-28;2021-02-18;1;;; 0.25 ; 57.20 ;P.O.
A00398;Northwest;Burton;Replace;;2021-01-28;2021-03-03;2;;; 8.50 ; 653.99 ;Account
A00399;South;Lopez;Assess;;2021-01-28;2021-03-16;1;;; 0.50 ; 9.75 ;Account
A00400;North;Ling;Replace;;2021-01-30;2021-02-02;2;;; 0.50 ; 134.00 ;Account
A00401;North;Ling;Assess;;2021-02-01;2021-02-10;2;;; 0.25 ; 144.00 ;Account
A00402;Northwest;Burton;Assess;;2021-02-01;2021-02-10;1;;; 0.50 ; 205.19 ;C.O.D.
A00403;West;Lopez;Replace;;2021-02-01;2021-02-25;1;;; 0.50 ; 42.90 ;Account
A00404;East;Ling;Replace;;2021-02-01;2021-03-03;2;;; 1.50 ; 319.82 ;Account
A00405;Northeast;Ling;Assess;;2021-02-01;2021-03-11;1;;; 0.25 ; 21.33 ;Account
A00406;North;Ling;Assess;;2021-02-02;2021-02-02;2;;; 0.50 ; 21.33 ;Account
A00407;East;Ling;Replace;;2021-02-02;2021-02-09;2;;; 0.50 ; 1,231.20 ;C.O.D.
A00408;North;Ling;Replace;;2021-02-02;2021-02-17;2;;; 0.50 ; 56.50 ;C.O.D.
A00409;North;Ling;Replace;;2021-02-02;2021-02-18;2;;; 0.50 ; 269.95 ;Account
A00410;East;Ling;Replace;;2021-02-02;2021-03-03;2;;; 0.50 ; 83.23 ;Account
A00411;Southeast;Burton;Deliver;;2021-02-02;2021-03-18;1;;; 0.25 ; 88.62 ;Account
A00412;West;Khan;Deliver;;2021-02-02;2021-05-25;1;;; 0.25 ; 40.00 ;P.O.
A00413;South;Lopez;Assess;;2021-02-04;2021-02-15;1;;; 1.50 ; 33.48 ;P.O.
A00414;West;Burton;Assess;;2021-02-04;2021-02-20;2;;; 0.25 ; 33.86 ;Account
A00415;South;Lopez;Deliver;;2021-02-04;2021-02-23;1;;; 0.25 ; 33.96 ;Account
A00416;West;Khan;Assess;;2021-02-04;2021-03-05;1;;; 0.50 ; 36.89 ;C.O.D.
A00417;Southeast;Khan;Assess;;2021-02-04;2021-03-09;1;;; 0.50 ; 25.34 ;C.O.D.
A00418;Northeast;Ling;Deliver;;2021-02-04;2021-03-15;1;;; 0.25 ; 30.00 ;Account
A00419;Southeast;Burton;Assess;Yes;2021-02-05;2021-03-13;1;;; 0.50 ; 31.81 ;Account
A00420;Northwest;Khan;Replace;Yes;2021-02-05;2021-06-30;1;;; 0.50 ; 61.17 ;P.O.
A00421;West;Khan;Assess;;2021-02-06;2021-03-23;1;;; 0.50 ; 15.54 ;P.O.
A00422;West;Khan;Deliver;;2021-02-06;2021-03-31;1;;; 0.25 ; 72.35 ;Account
A00423;North;Ling;Deliver;Yes;2021-02-08;2021-02-19;1;;; 0.25 ; 96.71 ;Account
A00424;Northwest;Cartier;Replace;;2021-02-08;2021-02-16;1;;; 0.50 ; 207.90 ;C.O.D.
A00425;South;Lopez;Install;;2021-02-08;2021-02-18;3;;; 3.50 ; 821.87 ;Account
A00426;North;Ling;Repair;;2021-02-08;2021-02-22;2;;; 1.00 ; 118.56 ;Account
A00427;Northwest;Cartier;Assess;Yes;2021-02-01;2021-02-10;1;;; 0.25 ; 54.46 ;P.O.
A00428;North;Ling;Assess;;2021-02-01;2021-02-22;2;;; 0.25 ; 83.44 ;Account
A00429;North;Ling;Assess;;2021-02-01;2021-02-24;2;;; 0.75 ; 36.00 ;Account
A00430;South;Lopez;Replace;;2021-02-01;2021-04-13;1;;; 0.50 ; 53.43 ;Account
A00431;North;Ling;Assess;;2021-02-10;2021-02-17;1;;; 0.50 ; 76.79 ;Account
A00432;Southeast;Burton;Assess;;2021-02-10;2021-02-22;1;Yes;Yes; 0.25 ; 78.00 ;Warranty
A00433;Northwest;Burton;Replace;;2021-02-10;2021-02-25;2;;; 2.75 ; 666.44 ;C.O.D.
A00434;Northwest;Burton;Deliver;Yes;2021-02-11;2021-02-27;1;;; 0.25 ; 19.20 ;C.O.D.
A00435;South;Lopez;Assess;;2021-02-11;2021-03-11;1;;; 0.75 ; 414.54 ;P.O.
A00436;Southeast;Khan;Repair;;2021-02-13;2021-04-08;1;;; 1.00 ; 19.20 ;Account
A00437;North;Ling;Install;;2021-02-15;2021-02-18;2;;; 1.00 ; 157.86 ;Account
A00438;North;Ling;Assess;;2021-02-15;2021-02-24;2;;; 0.25 ; 160.39 ;Account
A00439;North;Ling;Assess;;2021-02-15;2021-02-25;2;;; 0.25 ; 46.85 ;Account
A00440;Southwest;Cartier;Replace;Yes;2021-02-15;2021-03-01;2;;; 1.25 ; 952.06 ;C.O.D.
A00441;West;Khan;Deliver;;2021-02-16;2021-03-03;1;;; 0.25 ; 17.42 ;Account
A00442;Northwest;Cartier;Replace;;2021-02-16;2021-03-08;2;;; 0.50 ; 202.00 ;C.O.D.
A00443;Southeast;Burton;Assess;;2021-02-17;2021-02-22;1;;; 0.75 ; 137.13 ;Account
A00444;West;Khan;Assess;;2021-02-17;2021-03-01;1;;; 0.50 ; 180.00 ;C.O.D.
A00445;Central;Khan;Assess;;2021-02-17;2021-03-01;1;;; 0.25 ; 255.34 ;C.O.D.
A00446;Northwest;Khan;Deliver;;2021-02-17;2021-03-02;1;;; 0.25 ; 48.37 ;P.O.
A00447;North;Ling;Deliver;;2021-02-17;2021-03-08;1;;; 0.25 ; 40.20 ;Account
A00448;Central;Cartier;Deliver;;2021-02-18;2021-03-06;1;;; 0.25 ; 61.50 ;Account
A00449;Northwest;Khan;Replace;;2021-02-18;2021-03-02;1;;; 0.50 ; 42.66 ;Account
A00450;North;Ling;Replace;;2021-02-18;2021-03-10;1;;; 0.50 ; 16.42 ;Credit
A00451;Southeast;Burton;Assess;;2021-02-19;2021-03-09;2;;; 0.50 ; 31.81 ;Account
A00452;North;Ling;Assess;;2021-02-22;2021-03-29;2;;; 0.50 ; 239.97 ;Account
A00453;Central;Burton;Repair;;2021-02-23;2021-03-02;1;;; 1.00 ; 90.00 ;C.O.D.
A00454;South;Lopez;Deliver;;2021-02-23;2021-03-16;1;;; 0.25 ; 16.25 ;Account
A00455;Central;Cartier;Assess;;2021-02-23;2021-04-01;2;;; 0.25 ; 269.40 ;C.O.D.
A00456;South;Lopez;Deliver;;2021-02-24;2021-03-15;1;;; 0.25 ; 33.50 ;Account
A00457;Central;Burton;Assess;;2021-02-25;2021-03-08;1;;; 0.25 ; 305.46 ;Account
A00458;South;Lopez;Replace;;2021-02-25;2021-03-15;1;;; 0.75 ; 50.67 ;P.O.
A00459;South;Lopez;Replace;;2021-02-25;2021-03-16;1;;; 0.50 ; 45.63 ;P.O.
A00460;West;Khan;Replace;;2021-02-25;2021-03-24;1;;; 1.00 ; 42.66 ;C.O.D.
A00461;Central;Burton;Assess;;2021-02-25;2021-04-07;1;;; 0.25 ; 38.70 ;P.O.
A00462;Central;Cartier;Assess;;2021-03-01;2021-03-15;1;;; 0.25 ; 164.22 ;Account
A00463;West;Khan;Replace;;2021-03-01;2021-03-15;2;;; 0.50 ; 24.38 ;Account
A00464;South;Lopez;Assess;;2021-03-01;2021-03-24;1;;; 0.25 ; 267.94 ;P.O.
A00465;East;Ling;Assess;;2021-03-01;2021-04-13;2;;; 0.50 ; 175.87 ;Account
A00466;Central;Cartier;Deliver;;2021-03-01;2021-04-20;1;Yes;Yes; 0.25 ; 81.12 ;Warranty
A00467;North;Ling;Assess;;2021-03-01;2021-04-29;2;Yes;Yes; 1.00 ; 9.98 ;Warranty
A00468;Northwest;Khan;Assess;;2021-03-02;2021-03-09;1;;; 1.25 ; 340.70 ;Account
A00469;Northwest;Khan;Replace;Yes;2021-03-02;2021-03-10;1;;; 0.75 ; 22.84 ;P.O.
A00470;South;Lopez;Replace;;2021-03-02;2021-03-11;1;;; 0.50 ; 3.58 ;Account
A00471;South;Lopez;Assess;;2021-03-02;2021-03-11;1;;; 0.25 ; 16.25 ;Account
A00472;Central;Burton;Replace;;2021-03-02;2021-03-20;1;;; 0.75 ; 19.20 ;P.O.
A00473;Southeast;Cartier;Deliver;;2021-03-02;2021-03-16;1;;; 0.25 ; 73.51 ;P.O.
A00474;Central;Burton;Assess;;2021-03-02;2021-03-23;1;;; 0.25 ; 144.00 ;P.O.
A00475;Southeast;Burton;Install;;2021-03-02;2021-03-23;1;;Yes; 2.00 ; 94.71 ;C.O.D.
A00476;Central;Burton;Assess;Yes;2021-03-03;2021-03-09;2;;; 0.25 ; 41.15 ;C.O.D.
A00477;East;Ling;Replace;;2021-03-03;2021-04-06;2;;; 0.50 ; 76.95 ;C.O.D.
A00478;West;Khan;Assess;;2021-03-03;2021-04-26;1;;; 0.50 ; 25.24 ;P.O.
A00479;Northwest;Burton;Assess;Yes;2021-03-03;2021-05-13;2;;; 0.75 ; 572.63 ;C.O.D.
A00480;South;Burton;Replace;;2021-03-03;2021-07-12;2;;; 1.25 ; 361.90 ;Account
A00481;Northwest;Cartier;Assess;;2021-03-04;2021-03-08;1;;; 0.25 ; 110.23 ;Account
A00482;South;Lopez;Assess;;2021-03-04;2021-03-15;1;;; 0.25 ; 33.91 ;Account
A00483;North;Ling;Assess;;2021-03-04;2021-03-24;2;;; 0.25 ; 19.00 ;Account
A00484;West;Khan;Install;;2021-03-04;2021-03-24;1;;; 1.25 ; 294.78 ;P.O.
A00485;East;Ling;Assess;;2021-03-04;2021-04-26;2;;; 0.25 ; 83.23 ;Account
A00486;South;Lopez;Assess;;2021-03-08;2021-03-16;1;;; 0.75 ; 103.08 ;Account
A00487;Central;Cartier;Replace;;2021-03-08;2021-03-16;2;;; 0.50 ; 144.31 ;C.O.D.
A00488;North;Ling;Assess;;2021-03-08;2021-03-25;2;;; 0.25 ; 39.00 ;Account
A00489;Central;Burton;Install;;2021-03-08;2021-03-27;2;;; 2.50 ; 224.00 ;C.O.D.
A00490;South;Lopez;Assess;;2021-03-08;2021-06-12;1;;; 0.50 ; 475.54 ;Account
A00491;Central;Khan;Assess;;2021-03-01;2021-03-16;1;;; 1.00 ; 46.04 ;C.O.D.
A00492;South;Lopez;Assess;;2021-03-01;2021-03-16;1;;; 0.75 ; 294.55 ;Account
A00493;West;Khan;Replace;;2021-03-01;2021-05-25;2;;; 1.00 ; 28.50 ;P.O.
A00494;East;Ling;Install;;2021-03-10;2021-03-12;2;;; 1.50 ; 50.00 ;Account
A00495;Southeast;Khan;Assess;;2021-03-10;2021-03-10;1;;; 0.50 ; 10.00 ;Account
A00496;North;Ling;Install;Yes;2021-03-10;2021-03-17;2;;; 1.50 ; 29.33 ;Account
A00497;South;Burton;Assess;Yes;2021-03-10;2021-03-17;1;;Yes; 0.25 ; 19.20 ;C.O.D.
A00498;West;Khan;Replace;;2021-03-10;2021-03-17;2;;; 0.50 ; 24.19 ;C.O.D.
A00499;East;Ling;Assess;;2021-03-10;2021-03-18;2;;; 0.50 ; 159.00 ;Account
A00500;Southeast;Burton;Assess;;2021-03-10;2021-03-24;2;;Yes; 0.50 ; 411.10 ;C.O.D.
A00501;North;Ling;Assess;;2021-03-10;2021-04-08;1;;; 0.75 ; 58.36 ;Account
A00502;Southeast;Burton;Repair;;2021-03-10;2021-04-20;1;;Yes; 1.75 ; 98.55 ;C.O.D.
A00503;East;Ling;Repair;;2021-03-10;2021-04-21;2;Yes;Yes; 2.00 ; 145.15 ;Warranty
A00504;Southeast;Burton;Replace;;2021-03-11;2021-03-11;2;;; 0.75 ; 125.73 ;Account
A00505;Northwest;Khan;Assess;Yes;2021-03-11;2021-06-01;1;;; 0.25 ; 204.28 ;C.O.D.
A00506;Central;Cartier;Deliver;;2021-03-11;2021-07-17;1;;; 0.25 ; 120.00 ;Account
A00507;North;Ling;Assess;;2021-03-15;2021-03-27;2;;; 1.00 ; 203.00 ;Account
A00508;East;Ling;Assess;;2021-03-15;2021-03-23;2;Yes;Yes; 0.75 ; 222.33 ;Warranty
A00509;Northwest;Cartier;Install;;2021-03-15;2021-03-24;2;;; 4.75 ; 56.40 ;Account
A00510;North;Ling;Install;;2021-03-15;2021-03-29;2;;Yes; 1.00 ; 60.00 ;C.O.D.
A00511;North;Ling;Assess;;2021-03-15;2021-03-31;1;;; 0.75 ; 21.33 ;Account
A00512;North;Ling;Deliver;;2021-03-15;2021-03-30;1;;; 0.25 ; 204.28 ;Account
A00513;Central;Burton;Repair;;2021-03-15;2021-04-07;1;;Yes; 1.50 ; 95.04 ;C.O.D.
A00514;Northwest;Cartier;Deliver;Yes;2021-03-15;2021-04-19;1;;; 0.25 ; 23.40 ;Account
A00515;Central;Ling;Repair;;2021-03-15;2021-05-08;2;Yes;Yes; 2.25 ; 934.45 ;Warranty
A00516;West;Khan;Replace;;2021-03-16;2021-03-17;1;;; 0.50 ; 18.00 ;P.O.
A00517;Southeast;Cartier;Assess;Yes;2021-03-16;2021-03-25;1;;; 0.25 ; 134.85 ;C.O.D.
A00518;Northwest;Cartier;Assess;Yes;2021-03-16;2021-03-23;1;;; 0.50 ; 61.26 ;Account
A00519;Central;Burton;Replace;;2021-03-16;2021-04-02;2;;; 4.50 ; 658.68 ;Account
A00520;Central;Burton;Repair;;2021-03-16;2021-04-03;2;;; 8.00 ; 1,468.52 ;Account
A00521;South;Lopez;Replace;;2021-03-16;2021-03-31;1;;; 0.75 ; 82.59 ;Account
A00522;Northeast;Ling;Install;;2021-03-16;2021-04-16;2;;Yes; 2.75 ; 340.55 ;C.O.D.
A00523;Southeast;Khan;Assess;;2021-03-16;2021-05-06;1;;; 0.25 ; 72.06 ;C.O.D.
A00524;Northeast;Burton;Assess;;2021-03-17;2021-04-10;1;;; 0.50 ; 48.99 ;Account
A00525;North;Ling;Deliver;;2021-03-17;2021-04-10;1;;; 0.25 ; 15.40 ;Account
A00526;East;Khan;Replace;;2021-03-19;2021-05-06;1;;; 0.75 ; 204.10 ;C.O.D.
A00527;North;Ling;Assess;;2021-03-20;2021-04-10;1;;; 0.25 ; 12.63 ;Account
A00528;Northeast;Ling;Assess;;2021-03-20;2021-04-13;1;;; 0.25 ; 15.24 ;P.O.
A00529;West;Khan;Assess;;2021-03-22;2021-03-31;1;Yes;Yes; 0.50 ; 50.00 ;Warranty
A00530;South;Burton;Repair;;2021-03-22;2021-04-20;1;;Yes; 1.50 ; 272.55 ;C.O.D.
A00531;Northwest;Cartier;Replace;;2021-03-22;2021-04-20;2;;; 6.25 ; 27.00 ;C.O.D.
A00532;Southeast;Khan;Assess;;2021-03-22;2021-04-22;1;Yes;Yes; 0.25 ; 65.43 ;Warranty
A00533;North;Ling;Assess;;2021-03-22;2021-05-06;2;;; 0.50 ; 85.32 ;Account
A00534;South;Burton;Install;;2021-03-22;2021-05-10;2;;Yes; 1.50 ; 572.17 ;C.O.D.
A00535;South;Burton;Repair;;2021-03-22;2021-05-10;2;;Yes; 4.50 ; 937.98 ;C.O.D.
A00536;Central;Burton;Replace;;2021-03-23;2021-03-23;1;Yes;Yes; 0.50 ; 165.00 ;Warranty
A00537;North;Ling;Assess;;2021-03-23;2021-04-03;2;Yes;Yes; 0.25 ; 55.30 ;Warranty
A00538;Southeast;Cartier;Replace;;2021-03-23;2021-04-10;1;;Yes; 2.75 ; 534.57 ;C.O.D.
A00539;Central;Burton;Assess;;2021-03-23;2021-04-08;1;;Yes; 1.00 ; 448.26 ;C.O.D.
A00540;Southwest;Burton;Assess;;2021-03-23;2021-04-14;2;;; 1.00 ; 123.21 ;C.O.D.
A00541;Central;Khan;Deliver;;2021-03-23;2021-04-12;1;;; 0.25 ; 77.29 ;C.O.D.
A00542;North;Ling;Install;;2021-03-23;2021-04-12;2;Yes;Yes; 1.00 ; 360.00 ;Warranty
A00543;Northwest;Burton;Repair;;2021-03-23;2021-05-13;2;;; 3.50 ; 653.00 ;C.O.D.
A00544;South;Lopez;Install;;2021-03-24;2021-04-06;1;;; 1.50 ; 118.30 ;Account
A00545;Southwest;Ling;Repair;;2021-03-24;2021-06-11;2;;Yes; 2.50 ; 1,480.36 ;C.O.D.
A00546;East;Ling;Repair;;2021-03-25;2021-05-11;2;;; 2.50 ; 837.16 ;C.O.D.
A00547;North;Ling;Repair;;2021-03-27;2021-06-30;2;;; 1.75 ; 242.64 ;C.O.D.
A00548;Southeast;Cartier;Repair;;2021-03-29;2021-04-07;1;;Yes; 2.00 ; 262.03 ;C.O.D.
A00549;Southeast;Khan;Install;;2021-03-29;2021-06-28;1;;; 1.75 ; 473.60 ;C.O.D.
A00550;Central;Khan;Repair;;2021-03-30;2021-05-12;1;;; 2.75 ; 708.02 ;C.O.D.
A00551;Central;Burton;Replace;;2021-03-31;2021-04-06;1;;; 0.50 ; 13.32 ;C.O.D.
A00552;Southwest;Burton;Replace;Yes;2021-03-31;2021-04-21;1;;; 0.75 ; 51.29 ;C.O.D.
A00553;North;Ling;Deliver;;2021-04-01;2021-04-16;1;;; 0.25 ; 89.50 ;Account
A00554;Northwest;Burton;Assess;;2021-04-01;2021-04-12;1;;; 0.25 ; 74.53 ;P.O.
A00555;North;Ling;Repair;;2021-04-01;2021-04-12;2;;; 1.50 ; 64.00 ;Account
A00556;Northwest;Khan;Assess;Yes;2021-04-01;2021-04-14;1;;; 0.25 ; 23.40 ;Account
A00557;East;Ling;Assess;;2021-04-01;2021-04-26;2;;; 0.25 ; 17.13 ;Account
A00558;West;Lopez;Assess;;2021-04-01;2021-04-29;1;;; 0.50 ; 149.50 ;P.O.
A00559;Northwest;Burton;Assess;;2021-04-02;2021-04-26;1;;; 0.50 ; 163.20 ;P.O.
A00560;North;Ling;Assess;;2021-04-03;2021-04-15;2;;; 0.25 ; 14.76 ;Account
A00561;Southeast;Cartier;Assess;;2021-04-03;2021-04-27;1;;; 0.75 ; 21.33 ;Account
A00562;Northwest;Burton;Assess;;2021-04-03;2021-05-11;2;;Yes; 1.00 ; 304.51 ;C.O.D.
A00563;Northeast;Khan;Assess;Yes;2021-04-03;2021-05-11;1;;; 0.50 ; 36.34 ;Account
A00564;East;Ling;Assess;;2021-04-05;2021-04-14;2;;; 0.50 ; 21.33 ;Account
A00565;North;Ling;Replace;;2021-04-05;2021-04-23;2;;; 0.50 ; 392.02 ;C.O.D.
A00566;North;Ling;Assess;;2021-04-05;2021-04-29;1;;; 0.25 ; 151.79 ;Account
A00567;Northwest;Cartier;Assess;;2021-04-05;2021-05-12;1;;; 0.25 ; 30.11 ;Account
A00568;East;Ling;Replace;;2021-04-05;2021-05-17;2;;; 0.75 ; 13.36 ;C.O.D.
A00569;Central;Cartier;Repair;;2021-04-05;2021-06-15;1;;; 4.25 ; 21.33 ;Account
A00570;East;Ling;Assess;Yes;2021-04-06;2021-05-07;1;;; 0.75 ; 21.33 ;C.O.D.
A00571;East;Ling;Deliver;Yes;2021-04-06;2021-05-10;1;;; 0.25 ; 21.60 ;Account
A00572;Southeast;Burton;Deliver;Yes;2021-04-06;2021-05-20;1;;; 0.25 ; 108.96 ;C.O.D.
A00573;West;Khan;Deliver;;2021-04-06;2021-05-25;1;;; 0.25 ; 42.66 ;P.O.
A00574;Southwest;Khan;Assess;;2021-04-06;2021-05-27;1;;; 1.75 ; 342.60 ;C.O.D.
A00575;Northeast;Khan;Replace;;2021-04-06;2021-06-29;2;;; 0.75 ; 40.00 ;P.O.
A00576;North;Ling;Deliver;Yes;2021-04-07;2021-04-14;1;;; 0.25 ; 259.20 ;C.O.D.
A00577;North;Ling;Assess;;2021-04-07;2021-04-28;2;;; 0.25 ; 26.58 ;Account
A00578;South;Cartier;Assess;;2021-04-07;2021-04-29;1;;; 0.25 ; 52.02 ;Account
A00579;North;Ling;Replace;;2021-04-07;2021-04-29;2;Yes;Yes; 0.50 ; 181.16 ;Warranty
A00580;Central;Khan;Repair;;2021-04-07;2021-05-11;2;;; 2.00 ; 2,050.60 ;Account
A00581;Northeast;Ling;Assess;;2021-04-07;;2;;Yes;; 1,587.25 ;C.O.D.
A00582;North;Ling;Replace;;2021-04-08;2021-04-22;2;;; 0.75 ; 158.00 ;Account
A00583;Central;Khan;Deliver;;2021-04-08;2021-04-28;1;Yes;Yes; 0.25 ; 30.00 ;Warranty
A00584;Northeast;Burton;Repair;;2021-04-08;2021-04-29;2;;Yes; 1.00 ; 54.28 ;C.O.D.
A00585;North;Ling;Deliver;Yes;2021-04-08;2021-05-03;1;;; 0.25 ; 85.32 ;C.O.D.
A00586;Northeast;Ling;Assess;;2021-04-08;2021-05-13;2;;; 0.25 ; 30.00 ;C.O.D.
A00587;Northwest;Cartier;Assess;Yes;2021-04-08;2021-05-21;2;;; 0.25 ; 2.54 ;Account
A00588;North;Ling;Deliver;;2021-04-08;2021-06-08;1;;; 0.25 ; 66.86 ;Account
A00589;North;Ling;Replace;;2021-04-10;2021-04-21;2;;; 0.75 ; 108.93 ;Account
A00590;Southeast;Cartier;Repair;;2021-04-10;2021-05-10;1;Yes;Yes; 4.75 ; 397.36 ;Warranty
A00591;Southeast;Cartier;Assess;;2021-04-12;2021-04-21;1;;; 0.25 ; 156.40 ;Account
A00592;Central;Cartier;Assess;;2021-04-12;2021-04-21;2;;Yes; 0.50 ; 176.22 ;C.O.D.
A00593;North;Ling;Deliver;;2021-04-12;2021-04-28;1;;; 0.25 ; 4.99 ;C.O.D.
A00594;Northwest;Burton;Deliver;;2021-04-12;2021-05-03;1;;; 0.25 ; 83.46 ;Account
A00595;Central;Burton;Install;;2021-04-12;2021-05-04;2;;; 2.25 ; 52.00 ;Account
A00596;South;Lopez;Assess;;2021-04-12;2021-05-04;1;;; 0.50 ; 743.18 ;P.O.
A00597;Central;Cartier;Replace;;2021-04-12;2021-06-16;1;;; 0.50 ; 144.00 ;C.O.D.
A00598;North;Ling;Deliver;;2021-04-13;2021-04-28;1;Yes;Yes; 0.25 ; 38.12 ;Warranty
A00599;Central;Burton;Deliver;;2021-04-13;2021-04-29;1;Yes;Yes; 0.25 ; 25.00 ;Warranty
A00600;North;Ling;Assess;;2021-04-13;2021-04-29;2;;; 0.25 ; 175.00 ;Account
A00601;South;Lopez;Assess;;2021-04-13;2021-05-04;1;;; 0.25 ; 6.94 ;Account
A00602;South;Burton;Install;;2021-04-13;2021-05-12;3;;; 3.25 ; 640.42 ;C.O.D.
A00603;Southeast;Khan;Assess;;2021-04-13;2021-05-13;1;;; 0.25 ; 86.28 ;Account
A00604;Northwest;Cartier;Assess;;2021-04-13;2021-05-21;1;;Yes; 0.25 ; 103.18 ;C.O.D.
A00605;East;Ling;Repair;;2021-04-13;2021-05-17;2;;; 1.00 ; 464.40 ;Credit
A00606;Central;Cartier;Assess;;2021-04-13;2021-06-15;1;;; 1.00 ; 406.66 ;C.O.D.
A00607;Northwest;Cartier;Replace;;2021-04-14;2021-04-23;1;;; 0.50 ; 21.33 ;Account
A00608;West;Khan;Repair;;2021-04-14;2021-04-26;1;;; 1.50 ; 15.15 ;Account
A00609;Southeast;Khan;Assess;Yes;2021-04-14;2021-04-27;1;;Yes; 0.25 ; 96.05 ;C.O.D.
A00610;Northwest;Khan;Deliver;Yes;2021-04-14;2021-04-27;1;;; 0.25 ; 127.40 ;C.O.D.
A00611;South;Lopez;Replace;;2021-04-14;2021-05-05;1;;; 0.50 ; 95.47 ;P.O.
A00612;Central;Cartier;Assess;Yes;2021-04-14;2021-05-05;1;;; 0.25 ; 55.65 ;Account
A00613;West;Khan;Assess;Yes;2021-04-14;2021-05-06;1;;Yes; 0.50 ; 22.30 ;C.O.D.
A00614;Northwest;Khan;Assess;;2021-04-14;2021-05-12;1;;; 0.50 ; 148.10 ;Account
A00615;South;Burton;Deliver;;2021-04-14;2021-05-17;1;;; 0.25 ; 18.00 ;P.O.
A00616;Northwest;Cartier;Assess;Yes;2021-04-14;2021-05-17;1;;Yes; 0.25 ; 54.18 ;C.O.D.
A00617;West;Khan;Replace;;2021-04-14;2021-05-31;2;;; 0.75 ; 197.94 ;C.O.D.
A00618;Southeast;Burton;Deliver;;2021-04-14;2021-06-17;1;Yes;Yes; 0.25 ; 111.91 ;Warranty
A00619;North;Ling;Deliver;;2021-04-15;2021-04-29;1;;; 0.25 ; 118.07 ;Account
A00620;South;Lopez;Replace;;2021-04-15;2021-04-27;1;;; 0.50 ; 48.75 ;Account
A00621;North;Ling;Assess;;2021-04-15;2021-04-27;1;Yes;Yes; 0.25 ; 144.00 ;Warranty
A00622;Southeast;Khan;Deliver;;2021-04-15;2021-05-06;1;;Yes; 0.25 ; 50.60 ;C.O.D.
A00623;Northwest;Burton;Deliver;;2021-04-15;2021-05-07;1;Yes;Yes; 0.25 ; 90.28 ;Warranty
A00624;Central;Cartier;Replace;Yes;2021-04-15;2021-05-06;1;;; 0.50 ; 25.00 ;C.O.D.
A00625;Southeast;Burton;Deliver;;2021-04-15;2021-05-15;1;;; 0.25 ; 34.08 ;P.O.
A00626;Northwest;Cartier;Assess;;2021-04-15;2021-05-17;1;;; 0.25 ; 146.76 ;P.O.
A00627;Northwest;Cartier;Install;;2021-04-15;2021-05-20;1;Yes;Yes; 1.25 ; 221.43 ;Warranty
A00628;Northwest;Cartier;Assess;;2021-04-15;2021-05-26;1;;Yes; 1.00 ; 137.20 ;C.O.D.
A00629;Central;Khan;Install;Yes;2021-04-15;2021-06-14;1;;; 2.50 ; 69.03 ;C.O.D.
A00630;Northeast;Ling;Assess;;2021-04-15;2021-06-17;2;;; 0.25 ; 54.00 ;Credit
A00631;Southeast;Khan;Deliver;;2021-04-17;2021-05-08;1;;Yes; 0.25 ; 75.18 ;C.O.D.
A00632;North;Ling;Assess;Yes;2021-04-17;2021-05-10;2;;; 0.75 ; 262.11 ;Account
A00633;Northeast;Ling;Deliver;;2021-04-19;2021-05-01;1;;; 0.25 ; 61.26 ;C.O.D.
A00634;Southeast;Cartier;Repair;;2021-04-19;2021-05-01;1;;Yes; 1.00 ; 197.58 ;C.O.D.
A00635;North;Ling;Deliver;;2021-04-19;2021-04-27;2;;; 0.25 ; 158.95 ;Account
A00636;South;Lopez;Replace;;2021-04-19;2021-04-28;1;;; 0.75 ; 15.43 ;Account
A00637;Central;Cartier;Deliver;Yes;2021-04-19;2021-05-06;1;;; 0.25 ; 72.35 ;C.O.D.
A00638;Northwest;Khan;Replace;;2021-04-19;2021-05-12;1;;; 0.50 ; 7.31 ;C.O.D.
A00639;Central;Khan;Deliver;;2021-04-19;2021-05-21;1;;; 0.25 ; 120.00 ;C.O.D.
A00640;Southeast;Burton;Assess;;2021-04-19;2021-05-17;2;;; 0.50 ; 173.30 ;C.O.D.
A00641;North;Ling;Assess;;2021-04-19;2021-05-25;1;;; 0.25 ; 24.63 ;C.O.D.
A00642;Southwest;Ling;Install;Yes;2021-04-19;2021-06-07;2;;Yes; 7.50 ; 1,514.78 ;C.O.D.
A00643;North;Ling;Replace;;2021-04-19;2021-06-30;2;;; 0.75 ; 106.65 ;C.O.D.
A00644;Southeast;Cartier;Repair;;2021-04-19;;2;;;; 427.83 ;C.O.D.
A00645;Northwest;Khan;Assess;;2021-04-20;2021-05-11;1;;; 0.25 ; 84.70 ;C.O.D.
A00646;Southeast;Burton;Assess;;2021-04-20;2021-05-10;1;;; 0.25 ; 106.54 ;C.O.D.
A00647;Central;Khan;Deliver;;2021-04-20;2021-05-13;1;;; 0.25 ; 108.69 ;C.O.D.
A00648;Central;Khan;Replace;;2021-04-20;2021-05-22;1;;; 1.25 ; 405.55 ;C.O.D.
A00649;North;Ling;Deliver;;2021-04-20;2021-05-26;2;;; 0.25 ; 240.00 ;Account
A00650;Northwest;Burton;Assess;;2021-04-20;2021-05-31;2;;; 1.00 ; 641.77 ;C.O.D.
A00651;Southeast;Cartier;Replace;;2021-04-20;2021-06-29;1;;; 1.00 ; 89.45 ;C.O.D.
A00652;East;Ling;Deliver;;2021-04-20;2021-07-05;1;;; 0.25 ; 2.00 ;C.O.D.
A00653;South;Cartier;Assess;;2021-04-21;2021-05-04;1;Yes;Yes; 0.25 ; 248.09 ;Warranty
A00654;East;Ling;Assess;;2021-04-21;2021-05-05;2;;; 0.25 ; 180.00 ;Account
A00655;Southeast;Khan;Deliver;;2021-04-21;2021-06-14;1;;; 0.25 ; 45.94 ;C.O.D.
A00656;Southeast;Burton;Assess;;2021-04-21;2021-06-17;2;;Yes; 0.25 ; 125.76 ;C.O.D.
A00657;Southeast;Cartier;Assess;;2021-04-21;2021-07-05;2;;; 0.25 ; 92.44 ;C.O.D.
A00658;South;Burton;Replace;;2021-04-21;2021-07-05;2;;; 1.00 ; 183.54 ;Account
A00659;South;Burton;Replace;;2021-04-21;2021-07-05;2;;Yes; 1.00 ; 244.72 ;C.O.D.
A00660;South;Burton;Replace;;2021-04-21;2021-07-05;2;;; 1.00 ; 305.17 ;Account
A00661;South;Burton;Assess;;2021-04-21;2021-07-05;2;Yes;Yes; 0.50 ; 747.11 ;Warranty
A00662;South;Burton;Install;;2021-04-21;2021-07-05;2;;Yes; 2.25 ; 1,499.39 ;C.O.D.
A00663;South;Burton;Deliver;;2021-04-21;2021-07-06;1;;Yes; 0.25 ; 119.18 ;C.O.D.
A00664;South;Burton;Install;;2021-04-21;2021-07-06;2;;Yes; 1.00 ; 248.73 ;C.O.D.
A00665;South;Burton;Replace;;2021-04-21;2021-07-06;2;Yes;Yes; 1.75 ; 291.90 ;Warranty
A00666;South;Burton;Deliver;;2021-04-21;2021-07-06;2;;Yes; 0.25 ; 371.17 ;C.O.D.
A00667;South;Burton;Replace;;2021-04-21;2021-07-06;2;;Yes; 0.75 ; 380.35 ;C.O.D.
A00668;South;Burton;Repair;;2021-04-21;2021-07-06;2;;Yes; 1.00 ; 423.08 ;C.O.D.
A00669;South;Burton;Install;;2021-04-21;2021-07-06;2;;; 1.75 ; 395.08 ;Account
A00670;South;Burton;Assess;;2021-04-21;2021-07-06;2;Yes;Yes; 0.50 ; 442.19 ;Warranty
A00671;North;Khan;Assess;;2021-04-21;2021-07-12;2;;; 0.25 ; 54.00 ;P.O.
A00672;North;Khan;Replace;;2021-04-21;2021-07-12;2;;; 0.50 ; 61.99 ;C.O.D.
A00673;North;Ling;Deliver;;2021-04-21;2021-07-12;1;;; 0.25 ; 120.00 ;Account
A00674;South;Burton;Replace;;2021-04-21;2021-07-12;2;;; 0.50 ; 122.36 ;Account
A00675;South;Burton;Assess;;2021-04-21;2021-07-12;2;;; 0.50 ; 401.17 ;Account
A00676;North;Khan;Install;;2021-04-21;2021-07-12;2;;; 1.00 ; 427.88 ;C.O.D.
A00677;East;Ling;Assess;Yes;2021-04-21;2021-07-13;1;;; 0.25 ; 85.32 ;Account
A00678;West;Khan;Assess;;2021-04-21;2021-07-13;2;;; 0.50 ; 107.40 ;C.O.D.
A00679;South;Burton;Assess;;2021-04-21;2021-07-13;2;;; 0.25 ; 108.36 ;Account
A00680;East;Ling;Deliver;;2021-04-21;2021-07-13;1;;; 0.25 ; 120.00 ;C.O.D.
A00681;South;Burton;Install;;2021-04-21;2021-07-13;2;;; 1.75 ; 416.85 ;Account
A00682;South;Burton;Install;;2021-04-21;2021-07-13;2;;; 1.25 ; 449.04 ;Account
A00683;North;Khan;Assess;;2021-04-21;2021-07-13;2;;; 1.00 ; 463.71 ;C.O.D.
A00684;South;Burton;Install;;2021-04-21;2021-07-13;2;;; 1.25 ; 488.43 ;Account
A00685;Central;Burton;Assess;;2021-04-22;2021-05-14;1;;; 1.00 ; 65.95 ;C.O.D.
A00686;North;Ling;Deliver;;2021-04-22;2021-05-15;1;;; 0.25 ; 109.23 ;Account
A00687;North;Ling;Assess;;2021-04-22;2021-05-25;2;;; 0.50 ; 86.00 ;C.O.D.
A00688;Southeast;Cartier;Deliver;;2021-04-22;2021-07-03;1;;; 0.25 ; 142.91 ;C.O.D.
A00689;North;Ling;Assess;;2021-04-23;2021-05-11;2;;; 0.25 ; 82.98 ;Account
A00690;Southeast;Cartier;Deliver;;2021-04-23;2021-05-29;1;;; 0.25 ; 120.00 ;C.O.D.
A00691;North;Ling;Assess;;2021-04-23;2021-06-01;2;;; 0.25 ; 120.00 ;Account
A00692;North;Ling;Install;;2021-04-23;;2;;;; 356.24 ;C.O.D.
A00693;East;Ling;Replace;;2021-04-24;2021-05-11;2;;; 0.75 ; 200.00 ;Account
A00694;Southeast;Cartier;Assess;;2021-04-26;2021-05-05;1;;; 0.50 ; 180.00 ;Account
A00695;South;Lopez;Deliver;;2021-04-26;2021-05-06;1;;; 0.25 ; 41.36 ;Account
A00696;Central;Cartier;Deliver;;2021-04-26;2021-05-07;2;;; 0.25 ; 667.79 ;Account
A00697;South;Burton;Assess;;2021-04-26;2021-05-12;1;;; 0.25 ; 36.74 ;C.O.D.
A00698;Northwest;Cartier;Deliver;;2021-04-26;2021-05-12;1;;; 0.25 ; 91.29 ;C.O.D.
A00699;North;Ling;Deliver;Yes;2021-04-26;2021-05-18;1;;; 0.25 ; 21.33 ;Account
A00700;Southwest;Cartier;Repair;;2021-04-26;2021-05-19;2;;; 3.75 ; 511.16 ;C.O.D.
A00701;Northwest;Cartier;Assess;;2021-04-26;2021-06-01;1;;; 0.50 ; 24.41 ;P.O.
A00702;Northwest;Cartier;Assess;Yes;2021-04-26;2021-06-01;2;;Yes; 0.50 ; 54.18 ;C.O.D.
A00703;South;Lopez;Deliver;;2021-04-26;2021-06-03;1;;; 0.25 ; 93.60 ;P.O.
A00704;South;Lopez;Assess;;2021-04-26;2021-06-08;1;;; 0.25 ; 810.30 ;P.O.
A00705;Southeast;Burton;Assess;;2021-04-26;2021-06-09;1;;; 0.50 ; 91.04 ;Account
A00706;Central;Cartier;Deliver;;2021-04-26;2021-06-21;1;;; 0.25 ; 82.79 ;C.O.D.
A00707;Central;Khan;Install;;2021-04-26;2021-06-24;1;Yes;Yes; 3.00 ; 226.77 ;Warranty
A00708;North;Ling;Assess;;2021-04-26;;2;;;; 106.65 ;Account
A00709;North;Ling;Assess;;2021-04-27;2021-05-03;2;;; 0.25 ; 108.93 ;C.O.D.
A00710;Southeast;Cartier;Replace;;2021-04-27;2021-05-05;1;;; 1.00 ; 270.06 ;Account
A00711;East;Ling;Deliver;;2021-04-27;2021-05-17;2;;; 0.25 ; 145.90 ;Account
A00712;Southeast;Cartier;Assess;;2021-04-27;2021-05-17;1;;; 0.25 ; 150.36 ;Account
A00713;Southwest;Cartier;Deliver;;2021-04-27;2021-05-19;1;;Yes; 0.25 ; 127.40 ;C.O.D.
A00714;Northeast;Ling;Assess;;2021-04-27;2021-06-01;2;;; 0.25 ; 142.51 ;Account
A00715;East;Ling;Assess;Yes;2021-04-27;2021-06-07;1;;; 0.25 ; 32.00 ;Account
A00716;Southeast;Cartier;Assess;;2021-04-27;2021-06-16;1;;; 0.25 ; 61.09 ;C.O.D.
A00717;North;Ling;Replace;;2021-04-28;2021-05-07;2;;; 1.00 ; 171.26 ;Account
A00718;Northwest;Cartier;Repair;;2021-04-28;2021-05-06;1;;; 1.75 ; 92.75 ;Account
A00719;East;Ling;Replace;;2021-04-28;2021-05-20;2;;; 0.50 ; 174.76 ;Account
A00720;Southwest;Khan;Assess;;2021-04-28;2021-05-24;1;;; 0.25 ; 33.57 ;C.O.D.
A00721;Southeast;Burton;Deliver;;2021-04-28;2021-06-10;1;Yes;Yes; 0.25 ; 222.34 ;Warranty
A00722;Central;Burton;Replace;;2021-04-29;2021-05-13;1;;; 1.25 ; 153.94 ;C.O.D.
A00723;Northwest;Khan;Assess;;2021-04-29;2021-05-12;1;;; 0.75 ; 30.00 ;C.O.D.
A00724;North;Ling;Deliver;;2021-04-29;2021-05-13;1;;; 0.25 ; 19.00 ;Account
A00725;Southeast;Cartier;Assess;;2021-04-29;2021-05-17;1;;; 0.25 ; 75.18 ;Account
A00726;South;Lopez;Assess;;2021-04-29;2021-06-07;1;;; 0.75 ; 1,180.16 ;Account
A00727;Central;Cartier;Repair;;2021-04-29;2021-06-03;2;;Yes; 2.00 ; 125.78 ;C.O.D.
A00728;North;Ling;Deliver;;2021-04-29;2021-06-09;1;;; 0.25 ; 75.08 ;Account
A00729;Northeast;Ling;Replace;;2021-04-29;2021-06-25;2;;; 0.50 ; 103.18 ;C.O.D.
A00730;Northwest;Khan;Assess;;2021-04-29;;2;;;; 591.75 ;Account
A00731;Southeast;Khan;Assess;;2021-05-03;2021-05-14;1;;; 0.25 ; 25.71 ;C.O.D.
A00732;North;Ling;Deliver;;2021-05-03;2021-05-13;1;;; 0.25 ; 36.75 ;Account
A00733;Central;Khan;Deliver;;2021-05-03;2021-05-13;1;;; 0.25 ; 128.68 ;C.O.D.
A00734;Southeast;Khan;Assess;;2021-05-03;2021-05-13;1;;; 1.25 ; 240.55 ;Account
A00735;Northwest;Burton;Assess;;2021-05-03;2021-05-13;2;;; 0.50 ; 357.98 ;C.O.D.
A00736;Central;Khan;Replace;;2021-05-03;2021-05-18;1;;; 0.50 ; 6.40 ;C.O.D.
A00737;Southeast;Burton;Replace;;2021-05-03;2021-05-19;2;Yes;Yes; 1.00 ; 182.08 ;Warranty
A00738;North;Ling;Deliver;;2021-05-03;2021-05-18;2;;; 0.25 ; 149.24 ;Account
A00739;Northeast;Ling;Assess;;2021-05-03;2021-05-20;2;;; 0.25 ; 26.59 ;Credit
A00740;West;Khan;Replace;;2021-05-03;2021-06-02;1;;; 0.50 ; 29.73 ;Account
A00741;North;Ling;Deliver;;2021-05-03;2021-06-07;1;;; 0.25 ; 21.33 ;Account
A00742;East;Ling;Deliver;;2021-05-03;2021-06-14;1;;; 0.25 ; 64.17 ;Account
A00743;West;Khan;Deliver;;2021-05-03;2021-06-21;1;;; 0.25 ; 70.82 ;P.O.
A00744;Southwest;Burton;Replace;;2021-05-03;2021-07-12;1;;; 2.50 ; 271.91 ;C.O.D.
A00745;Central;Khan;Assess;;2021-05-04;2021-05-13;1;;; 0.75 ; 146.20 ;C.O.D.
A00746;Central;Khan;Replace;;2021-05-04;2021-05-20;1;;; 0.50 ; 150.00 ;Account
A00747;Central;Cartier;Deliver;;2021-05-04;2021-06-03;1;;; 0.25 ; 140.50 ;C.O.D.
A00748;South;Lopez;Deliver;;2021-05-04;2021-06-10;1;;; 0.25 ; 39.00 ;Account
A00749;North;Khan;Repair;;2021-05-04;2021-07-12;2;;; 2.25 ; 716.99 ;C.O.D.
A00750;Northeast;Ling;Deliver;;2021-05-04;;1;;;; 118.90 ;Account
A00751;South;Burton;Assess;;2021-05-05;2021-05-17;2;;Yes; 0.25 ; 24.00 ;C.O.D.
A00752;Southeast;Cartier;Assess;;2021-05-05;2021-05-17;1;;; 0.25 ; 28.04 ;Account
A00753;South;Burton;Assess;;2021-05-05;2021-05-17;2;;; 0.50 ; 291.11 ;C.O.D.
A00754;Northeast;Ling;Assess;;2021-05-05;2021-05-24;2;;; 0.25 ; 36.34 ;Account
A00755;Central;Burton;Repair;;2021-05-05;2021-05-27;1;;; 1.00 ; 26.84 ;C.O.D.
A00756;Central;Khan;Deliver;;2021-05-06;2021-05-20;1;;; 0.25 ; 56.11 ;Account
A00757;North;Ling;Replace;;2021-05-06;2021-05-19;2;;; 0.50 ; 205.53 ;Account
A00758;Northwest;Cartier;Repair;;2021-05-06;2021-05-26;1;;; 1.00 ; 77.81 ;C.O.D.
A00759;Southeast;Cartier;Replace;;2021-05-06;2021-05-27;1;;; 0.50 ; 205.07 ;C.O.D.
A00760;Southeast;Cartier;Repair;;2021-05-07;2021-07-20;1;;; 1.25 ; 30.00 ;C.O.D.
A00761;South;Lopez;Assess;;2021-05-10;2021-05-19;1;;; 0.50 ; 92.59 ;P.O.
A00762;North;Ling;Assess;;2021-05-10;2021-05-31;1;;; 0.25 ; 58.24 ;Account
A00763;Northwest;Burton;Replace;Yes;2021-05-10;2021-06-05;2;;; 0.50 ; 69.66 ;P.O.
A00764;Central;Cartier;Install;Yes;2021-05-10;2021-06-02;2;;; 1.00 ; 51.88 ;C.O.D.
A00765;Southwest;Cartier;Assess;;2021-05-10;2021-06-10;2;;; 0.50 ; 103.18 ;C.O.D.
A00766;North;Ling;Assess;;2021-05-10;2021-06-10;2;;; 0.25 ; 122.63 ;C.O.D.
A00767;Southeast;Cartier;Assess;;2021-05-10;2021-06-14;1;;; 0.25 ; 73.81 ;C.O.D.
A00768;Northwest;Burton;Deliver;;2021-05-11;2021-05-24;2;;; 0.25 ; 479.36 ;Account
A00769;West;Khan;Assess;;2021-05-11;2021-06-02;1;;; 0.25 ; 180.00 ;P.O.
A00770;Central;Cartier;Replace;Yes;2021-05-11;2021-07-22;1;;; 1.00 ; 117.45 ;Account
A00771;West;Khan;Assess;;2021-05-12;2021-06-02;1;;; 0.25 ; 240.28 ;P.O.
A00772;Southwest;Khan;Replace;;2021-05-12;2021-06-16;2;;; 0.50 ; 176.31 ;C.O.D.
A00773;Central;Cartier;Assess;;2021-05-12;2021-06-23;1;;; 0.50 ; 280.00 ;Account
A00774;Central;Khan;Repair;;2021-05-12;2021-07-20;2;;; 2.00 ; 345.73 ;C.O.D.
A00775;North;Ling;Replace;;2021-05-13;2021-05-31;2;;; 1.00 ; 158.29 ;Account
A00776;Northwest;Cartier;Replace;;2021-05-13;2021-06-01;1;;; 0.50 ; 14.42 ;Account
A00777;South;Lopez;Replace;;2021-05-13;2021-06-08;1;;; 0.75 ; 62.97 ;Account
A00778;North;Ling;Assess;;2021-05-13;2021-06-08;2;;; 0.25 ; 63.44 ;Account
A00779;Central;Cartier;Replace;;2021-05-13;2021-06-16;1;;; 0.50 ; 30.00 ;C.O.D.
A00780;Northeast;Ling;Replace;;2021-05-13;2021-06-17;1;;; 0.50 ; 496.00 ;Account
A00781;Northwest;Cartier;Replace;Yes;2021-05-13;;1;;Yes;; 126.81 ;C.O.D.
A00782;West;Khan;Install;;2021-05-13;;2;;;; 144.00 ;C.O.D.
A00783;East;Ling;Replace;;2021-05-15;2021-06-07;2;;Yes; 0.50 ; 494.93 ;C.O.D.
A00784;North;Ling;Assess;;2021-05-15;2021-06-08;2;;; 0.25 ; 30.05 ;C.O.D.
A00785;Southeast;Burton;Assess;Yes;2021-05-17;2021-05-25;1;;; 0.25 ; 147.64 ;Account
A00786;North;Ling;Replace;;2021-05-17;2021-05-28;2;;; 0.50 ; 37.44 ;C.O.D.
A00787;Northeast;Ling;Assess;;2021-05-17;2021-06-02;2;;; 0.50 ; 288.00 ;Account
A00788;Northwest;Cartier;Assess;;2021-05-17;2021-06-02;2;;; 1.00 ; 150.00 ;C.O.D.
A00789;North;Ling;Deliver;;2021-05-17;2021-06-08;1;;; 0.25 ; 42.66 ;Account
A00790;North;Ling;Assess;;2021-05-17;2021-06-08;1;;; 0.25 ; 287.25 ;Account
A00791;West;Cartier;Deliver;;2021-05-17;2021-06-11;2;;; 0.25 ; 147.40 ;C.O.D.
A00792;North;Ling;Deliver;;2021-05-17;2021-06-19;1;;; 0.25 ; 59.24 ;C.O.D.
A00793;North;Ling;Assess;;2021-05-17;2021-06-14;1;;; 0.25 ; 240.00 ;Account
A00794;North;Ling;Deliver;;2021-05-17;2021-06-22;2;;; 0.25 ; 197.47 ;C.O.D.
A00795;Northeast;Ling;Assess;;2021-05-17;2021-07-16;2;;; 0.50 ; 304.19 ;C.O.D.
A00796;Southeast;Burton;Replace;;2021-05-18;2021-05-27;1;;; 0.50 ; 64.34 ;Account
A00797;South;Lopez;Replace;;2021-05-18;2021-05-31;1;;; 0.50 ; 10.27 ;Account
A00798;Northwest;Burton;Assess;;2021-05-18;2021-06-03;2;;; 0.75 ; 319.02 ;C.O.D.
A00799;Northwest;Khan;Replace;;2021-05-18;2021-06-01;1;;; 0.75 ; 131.00 ;C.O.D.
A00800;North;Ling;Assess;;2021-05-18;2021-06-02;2;;; 0.25 ; 167.00 ;Account
A00801;Southeast;Burton;Replace;;2021-05-18;2021-06-09;1;;; 0.50 ; 91.04 ;Account
A00802;West;Khan;Assess;;2021-05-18;2021-06-22;1;;; 0.25 ; 44.92 ;C.O.D.
A00803;Northwest;Cartier;Replace;;2021-05-18;2021-07-23;1;Yes;Yes; 1.00 ; 163.93 ;Warranty
A00804;Southeast;Cartier;Install;;2021-05-18;;2;;;; 281.62 ;Account
A00805;South;Lopez;Assess;;2021-05-19;2021-05-31;1;;; 0.50 ; 7.02 ;P.O.
A00806;South;Lopez;Assess;;2021-05-19;2021-05-31;1;;; 0.50 ; 29.00 ;Account
A00807;South;Lopez;Assess;;2021-05-19;2021-05-31;1;;; 0.50 ; 50.57 ;P.O.
A00808;East;Ling;Replace;;2021-05-19;2021-06-03;2;;; 0.50 ; 271.79 ;C.O.D.
A00809;East;Ling;Assess;;2021-05-19;2021-06-29;2;Yes;Yes; 0.25 ; 14.70 ;Warranty
A00810;Southeast;Cartier;Replace;;2021-05-20;2021-06-08;2;;Yes; 3.25 ; 311.36 ;C.O.D.
A00811;Central;Cartier;Replace;;2021-05-20;2021-06-11;1;;; 0.75 ; 189.32 ;C.O.D.
A00812;Northwest;Cartier;Assess;;2021-05-20;2021-06-17;1;;; 0.50 ; 74.53 ;Account
A00813;Central;Cartier;Repair;;2021-05-20;2021-06-28;1;;; 1.50 ; 673.22 ;C.O.D.
A00814;Central;Burton;Repair;;2021-05-20;2021-07-07;2;;; 3.50 ; 230.40 ;C.O.D.
A00815;North;Ling;Assess;;2021-05-20;2021-07-16;2;;; 0.25 ; 14.42 ;Account
A00816;Southwest;Burton;Repair;;2021-05-20;;2;;;; 852.55 ;C.O.D.
A00817;Northwest;Burton;Replace;Yes;2021-05-21;2021-06-01;1;;; 0.50 ; 36.75 ;Account
A00818;Northwest;Cartier;Install;;2021-05-21;2021-06-22;1;;; 1.00 ; 57.97 ;P.O.
A00819;Northwest;Cartier;Replace;;2021-05-21;;1;;;; 90.00 ;P.O.
A00820;Northwest;Burton;Replace;Yes;2021-05-22;;1;;;; 108.51 ;C.O.D.
A00821;North;Ling;Deliver;;2021-05-24;2021-06-02;1;;; 0.25 ; 22.00 ;Account
A00822;Southeast;Cartier;Deliver;;2021-05-24;2021-06-03;1;;; 0.25 ; 66.86 ;C.O.D.
A00823;South;Lopez;Replace;;2021-05-24;2021-06-15;1;;; 0.75 ; 111.15 ;Account
A00824;South;Burton;Assess;;2021-05-24;2021-07-12;2;;; 0.75 ; 239.54 ;Account
A00825;Central;Cartier;Replace;;2021-05-24;2021-07-15;1;;; 0.50 ; 657.69 ;C.O.D.
A00826;Southeast;Burton;Assess;;2021-05-24;2021-07-19;1;;; 0.25 ; 30.00 ;C.O.D.
A00827;Southeast;Khan;Assess;;2021-05-25;2021-06-19;1;;; 0.50 ; 26.57 ;C.O.D.
A00828;West;Burton;Assess;;2021-05-25;2021-06-14;2;;; 1.25 ; 9.60 ;C.O.D.
A00829;West;Khan;Assess;;2021-05-25;2021-06-16;2;;; 0.25 ; 396.29 ;C.O.D.
A00830;East;Ling;Replace;;2021-05-25;2021-07-05;2;;; 0.50 ; 108.00 ;C.O.D.
A00831;Northwest;Cartier;Assess;;2021-05-25;2021-07-19;1;;; 0.50 ; 147.24 ;C.O.D.
A00832;Central;Burton;Install;;2021-05-25;;1;;Yes;; 151.28 ;C.O.D.
A00833;Northwest;Cartier;Replace;;2021-05-25;;1;;;; 47.05 ;P.O.
A00834;Northwest;Burton;Deliver;;2021-05-26;2021-06-05;1;;; 0.25 ; 51.73 ;C.O.D.
A00835;Southeast;Cartier;Assess;;2021-05-26;2021-06-02;2;;; 0.25 ; 445.78 ;Account
A00836;Southeast;Cartier;Assess;;2021-05-26;2021-06-14;2;;Yes; 0.25 ; 27.49 ;C.O.D.
A00837;West;Burton;Assess;;2021-05-26;2021-06-14;1;;; 0.25 ; 42.66 ;Account
A00838;Southeast;Cartier;Deliver;;2021-05-26;2021-06-14;1;;; 0.25 ; 185.11 ;C.O.D.
A00839;Northwest;Cartier;Replace;;2021-05-26;2021-06-17;1;;Yes; 0.75 ; 70.00 ;C.O.D.
A00840;Southeast;Cartier;Assess;;2021-05-26;2021-06-22;1;;; 0.25 ; 120.00 ;Account
A00841;Southeast;Cartier;Assess;;2021-05-26;2021-06-30;1;;; 0.25 ; 178.36 ;C.O.D.
A00842;Northeast;Khan;Install;;2021-05-26;2021-06-28;1;Yes;Yes; 1.50 ; 477.78 ;Warranty
A00843;Northwest;Khan;Repair;Yes;2021-05-26;2021-06-30;1;;; 1.00 ; 67.97 ;P.O.
A00844;South;Burton;Assess;;2021-05-26;2021-07-05;2;;Yes; 1.25 ; 300.72 ;C.O.D.
A00845;Central;Burton;Assess;;2021-05-26;;1;;;; 377.60 ;Account
A00846;Northwest;Cartier;Assess;;2021-05-26;;1;;;; 70.00 ;P.O.
A00847;Northwest;Cartier;Replace;;2021-05-26;;1;;;; 177.05 ;P.O.
A00848;Central;Burton;Replace;;2021-05-26;;2;;;; 839.68 ;C.O.D.
A00849;North;Ling;Assess;;2021-05-27;2021-06-03;1;;; 0.25 ; 120.00 ;Account
A00850;Northeast;Khan;Assess;;2021-05-27;2021-06-10;1;;; 0.25 ; 156.49 ;C.O.D.
A00851;North;Ling;Deliver;;2021-05-27;2021-06-15;2;;; 0.25 ; 155.00 ;Account
A00852;Central;Khan;Replace;;2021-05-27;2021-06-17;1;;; 0.50 ; 20.83 ;Account
A00853;Central;Cartier;Assess;Yes;2021-05-27;2021-06-22;1;Yes;Yes; 0.50 ; 50.00 ;Warranty
A00854;South;Burton;Deliver;;2021-05-27;2021-07-13;1;;; 0.25 ; 120.00 ;C.O.D.
A00855;Central;Burton;Repair;;2021-05-28;;1;;Yes;; 17.06 ;C.O.D.
A00856;Southeast;Burton;Assess;;2021-05-31;2021-06-09;1;;; 0.25 ; 182.08 ;C.O.D.
A00857;North;Ling;Assess;;2021-05-31;2021-06-21;2;;; 0.25 ; 19.55 ;Account
A00858;North;Ling;Assess;;2021-05-31;2021-06-21;2;;; 0.50 ; 144.00 ;C.O.D.
A00859;West;Lopez;Assess;;2021-05-31;2021-06-24;1;;; 0.75 ; 86.48 ;P.O.
A00860;Southeast;Cartier;Assess;;2021-05-31;2021-06-24;1;;Yes; 0.25 ; 69.15 ;C.O.D.
A00861;North;Ling;Repair;;2021-05-31;2021-07-12;2;;; 1.25 ; 156.00 ;C.O.D.
A00862;West;Khan;Replace;;2021-05-31;;2;;;; 72.35 ;Account
A00863;North;Ling;Deliver;;2021-06-01;2021-06-15;1;Yes;Yes; 0.25 ; 240.00 ;Warranty
A00864;Northwest;Khan;Repair;;2021-06-01;2021-06-21;1;Yes;Yes; 4.25 ; 558.11 ;Warranty
A00865;Northwest;Cartier;Assess;;2021-06-01;2021-06-29;1;Yes;Yes; 1.00 ; 43.43 ;Warranty
A00866;South;Burton;Deliver;;2021-06-01;2021-07-05;1;Yes;Yes; 0.25 ; 141.90 ;Warranty
A00867;Southeast;Khan;Assess;;2021-06-01;2021-07-24;2;;; 1.00 ; 136.71 ;C.O.D.
A00868;Northwest;Cartier;Assess;;2021-06-01;;2;;;; 85.35 ;P.O.
A00869;East;Ling;Assess;;2021-06-02;2021-06-07;1;;; 0.50 ; 85.32 ;C.O.D.
A00870;South;Lopez;Replace;;2021-06-02;2021-06-17;1;;; 0.75 ; 42.42 ;Account
A00871;Southeast;Burton;Replace;;2021-06-02;2021-06-17;2;;; 0.75 ; 184.05 ;C.O.D.
A00872;Central;Khan;Repair;;2021-06-02;2021-06-17;1;;; 1.00 ; 272.25 ;C.O.D.
A00873;West;Khan;Deliver;;2021-06-02;2021-06-21;1;;; 0.25 ; 204.28 ;Account
A00874;South;Khan;Deliver;;2021-06-02;2021-06-23;1;;; 0.25 ; 84.08 ;C.O.D.
A00875;North;Ling;Assess;;2021-06-02;2021-07-03;2;;; 0.25 ; 57.39 ;Account
A00876;Central;Khan;Repair;;2021-06-02;2021-07-03;1;;; 2.00 ; 192.44 ;C.O.D.
A00877;Southeast;Khan;Assess;;2021-06-02;2021-06-30;1;;; 0.50 ; 271.92 ;C.O.D.
A00878;Central;Khan;Assess;;2021-06-02;2021-06-30;1;;; 0.50 ; 588.55 ;Account
A00879;North;Ling;Deliver;;2021-06-02;2021-06-28;1;;; 0.25 ; 52.35 ;Account
A00880;South;Lopez;Assess;;2021-06-02;2021-07-07;1;;; 0.50 ; 240.59 ;P.O.
A00881;West;Khan;Deliver;;2021-06-02;2021-07-14;1;;; 0.25 ; 76.86 ;C.O.D.
A00882;Central;Khan;Replace;;2021-06-02;2021-07-24;2;;; 0.50 ; 519.01 ;C.O.D.
A00883;South;Lopez;Assess;;2021-06-03;2021-06-10;1;;; 0.25 ; 7.02 ;P.O.
A00884;North;Ling;Deliver;;2021-06-03;2021-06-17;1;;; 0.25 ; 42.66 ;Account
A00885;Southeast;Cartier;Assess;;2021-06-03;2021-06-24;1;;; 0.25 ; 179.54 ;C.O.D.
A00886;Southeast;Cartier;Assess;;2021-06-03;2021-06-28;1;;; 0.25 ; 7.80 ;C.O.D.
A00887;North;Ling;Deliver;;2021-06-03;2021-07-07;1;;; 0.25 ; 107.52 ;C.O.D.
A00888;Northwest;Khan;Replace;;2021-06-03;2021-07-21;2;;; 0.50 ; 150.00 ;Account
A00889;North;Ling;Replace;;2021-06-03;;2;;;; 42.66 ;Account
A00890;Central;Cartier;Assess;;2021-06-03;;2;;;; 20.01 ;C.O.D.
A00891;West;Khan;Deliver;;2021-06-04;2021-07-19;1;;; 0.25 ; 180.00 ;C.O.D.
A00892;Southeast;Burton;Deliver;;2021-06-05;2021-06-23;1;;; 0.25 ; 30.00 ;C.O.D.
A00893;North;Ling;Deliver;;2021-06-07;2021-06-10;1;;; 0.25 ; 0.46 ;C.O.D.
A00894;Central;Cartier;Assess;;2021-06-07;2021-06-14;2;;Yes; 1.50 ; 105.98 ;C.O.D.
A00895;North;Ling;Assess;;2021-06-07;2021-06-15;2;;; 0.25 ; 19.20 ;Account
A00896;West;Khan;Deliver;;2021-06-07;2021-06-21;1;;; 0.25 ; 180.00 ;C.O.D.
A00897;Southeast;Burton;Replace;;2021-06-07;2021-07-14;1;;Yes; 0.50 ; 240.67 ;C.O.D.
A00898;Central;Burton;Replace;;2021-06-07;2021-07-21;1;;; 2.00 ; 425.90 ;C.O.D.
A00899;Northwest;Cartier;Install;;2021-06-07;;2;;;; 346.24 ;C.O.D.
A00900;North;Ling;Deliver;;2021-06-08;2021-06-14;2;;; 0.25 ; 146.76 ;C.O.D.
A00901;Central;Cartier;Replace;;2021-06-08;2021-06-16;1;;; 0.50 ; 120.00 ;C.O.D.
A00902;Northwest;Cartier;Assess;;2021-06-08;2021-06-17;1;;; 0.50 ; 45.88 ;P.O.
A00903;South;Lopez;Install;;2021-06-08;2021-06-22;1;;; 1.25 ; 30.42 ;Account
A00904;South;Lopez;Deliver;;2021-06-08;2021-06-22;1;;; 0.25 ; 30.00 ;Account
A00905;North;Ling;Deliver;;2021-06-08;2021-06-22;1;;; 0.25 ; 90.63 ;C.O.D.
A00906;North;Ling;Assess;;2021-06-08;2021-07-07;2;;; 0.25 ; 120.00 ;C.O.D.
A00907;Southeast;Khan;Assess;Yes;2021-06-08;2021-07-12;1;;; 0.75 ; 8.92 ;Account
A00908;South;Burton;Repair;;2021-06-08;2021-07-12;2;;; 1.25 ; 244.72 ;Account
A00909;Northwest;Cartier;Assess;;2021-06-08;;2;;;; 150.00 ;Account
A00910;Southeast;Cartier;Assess;;2021-06-01;2021-06-18;2;;; 0.25 ; 52.17 ;Account
A00911;North;Ling;Deliver;;2021-06-01;2021-07-01;1;;; 0.25 ; 41.71 ;Account
A00912;North;Burton;Repair;;2021-06-10;2021-06-12;1;;; 1.00 ; 1,800.24 ;C.O.D.
A00913;Central;Khan;Assess;;2021-06-10;2021-06-21;1;;; 0.50 ; 144.00 ;C.O.D.
A00914;West;Khan;Assess;Yes;2021-06-10;2021-06-21;1;;; 0.50 ; 39.95 ;Account
A00915;North;Ling;Replace;;2021-06-10;2021-06-26;2;;; 0.50 ; 180.00 ;Account
A00916;South;Khan;Assess;;2021-06-10;2021-06-23;1;;; 0.25 ; 150.36 ;C.O.D.
A00917;South;Lopez;Deliver;Yes;2021-06-10;2021-07-09;1;Yes;Yes; 0.25 ; 110.11 ;Warranty
A00918;North;Ling;Deliver;;2021-06-10;2021-07-15;1;;; 0.25 ; 120.00 ;Account
A00919;North;Ling;Replace;;2021-06-10;2021-07-12;2;;; 0.50 ; 272.50 ;Account
A00920;West;Khan;Assess;;2021-06-10;2021-07-14;1;;; 0.25 ; 34.50 ;P.O.
A00921;Central;Khan;Repair;;2021-06-10;2021-07-15;2;;; 3.00 ; 44.06 ;C.O.D.
A00922;Northwest;Cartier;Repair;;2021-06-10;;2;;;; 67.84 ;P.O.
A00923;Central;Khan;Assess;;2021-06-10;;2;;;; 165.87 ;C.O.D.
A00924;East;Ling;Replace;;2021-06-10;;2;;;; 42.66 ;Credit
A00925;Southeast;Burton;Replace;;2021-06-10;;1;;;; 101.90 ;Account
A00926;Southwest;Burton;Repair;;2021-06-10;;2;;;; 222.54 ;C.O.D.
A00927;Southeast;Burton;Replace;;2021-06-11;2021-07-16;1;Yes;Yes; 0.50 ; 344.77 ;Warranty
A00928;North;Ling;Deliver;;2021-06-12;2021-06-29;1;;; 0.25 ; 22.00 ;Account
A00929;Central;Cartier;Replace;;2021-06-14;2021-06-23;1;;; 0.50 ; 120.00 ;Account
A00930;Central;Khan;Replace;Yes;2021-06-14;2021-06-24;1;Yes;Yes; 0.50 ; 204.28 ;Warranty
A00931;West;Burton;Replace;;2021-06-14;2021-07-07;2;;Yes; 5.00 ; 2,048.56 ;C.O.D.
A00932;Southeast;Khan;Deliver;;2021-06-14;2021-07-22;1;;; 0.25 ; 8.55 ;C.O.D.
A00933;Central;Cartier;Assess;;2021-06-14;2021-07-22;1;;; 0.50 ; 120.54 ;C.O.D.
A00934;Northwest;Cartier;Replace;;2021-06-14;;2;;;; 52.35 ;P.O.
A00935;Central;Khan;Install;;2021-06-14;;2;;;; 406.71 ;C.O.D.
A00936;South;Lopez;Deliver;;2021-06-15;2021-07-09;1;;; 0.25 ; 70.53 ;Account
A00937;Northeast;Ling;Assess;;2021-06-15;2021-07-12;2;;; 0.25 ; 14.40 ;Account
A00938;Southeast;Burton;Assess;;2021-06-15;2021-07-14;1;;; 0.25 ; 144.00 ;P.O.
A00939;North;Ling;Assess;;2021-06-15;2021-07-19;1;;; 0.50 ; 5.40 ;C.O.D.
A00940;West;Lopez;Assess;;2021-06-16;2021-06-24;1;;; 0.25 ; 23.15 ;P.O.
A00941;Central;Khan;Replace;;2021-06-16;2021-06-24;1;;Yes; 0.50 ; 25.07 ;C.O.D.
A00942;Southeast;Burton;Assess;;2021-06-16;2021-07-15;1;;; 0.50 ; 175.22 ;C.O.D.
A00943;Northwest;Khan;Repair;;2021-06-16;2021-07-21;2;;; 3.50 ; 23.00 ;Account
A00944;West;Khan;Assess;;2021-06-16;;2;;;; 30.00 ;C.O.D.
A00945;Central;Cartier;Deliver;;2021-06-16;;1;;;; 161.08 ;Account
A00946;Central;Khan;Deliver;;2021-06-16;;1;;;; 59.81 ;C.O.D.
A00947;West;Khan;Assess;;2021-06-16;;1;;;; 19.20 ;C.O.D.
A00948;North;Ling;Deliver;Yes;2021-06-16;;1;;;; 50.79 ;Account
A00949;North;Ling;Assess;;2021-06-17;2021-06-30;2;;; 1.25 ; 122.81 ;C.O.D.
A00950;West;Cartier;Assess;;2021-06-17;2021-07-06;1;;; 0.25 ; 54.82 ;Account
A00951;Central;Cartier;Replace;;2021-06-17;2021-07-22;2;;; 2.50 ; 86.42 ;C.O.D.
A00952;Northeast;Ling;Assess;;2021-06-17;;2;;;; 100.60 ;C.O.D.
A00953;North;Ling;Deliver;;2021-06-17;;1;;;; 17.17 ;Account
A00954;West;Burton;Assess;;2021-06-17;;1;;;; 10.31 ;P.O.
A00955;North;Ling;Assess;;2021-06-17;;2;;;; 18.63 ;Account
A00956;North;Ling;Assess;;2021-06-17;;2;;;; 32.00 ;Account
A00957;North;Ling;Deliver;;2021-06-17;;1;;;; 14.13 ;P.O.
A00958;North;Ling;Repair;;2021-06-17;;1;;;; 322.00 ;Account
A00959;Northeast;Ling;Assess;;2021-06-17;;2;;;; 50.60 ;C.O.D.
A00960;Southwest;Burton;Assess;;2021-06-18;2021-07-12;2;;; 2.00 ; 134.50 ;C.O.D.
A00961;Southeast;Cartier;Replace;;2021-06-19;2021-07-03;1;;; 0.50 ; 78.33 ;C.O.D.
A00962;Northwest;Khan;Install;;2021-06-21;2021-06-30;1;;; 1.50 ; 202.80 ;Account
A00963;Central;Burton;Replace;;2021-06-21;2021-07-09;1;;; 0.50 ; 67.90 ;C.O.D.
A00964;Northeast;Ling;Assess;;2021-06-21;2021-07-12;2;;; 1.00 ; 144.00 ;C.O.D.
A00965;South;Burton;Deliver;;2021-06-21;2021-07-13;2;;; 0.25 ; 178.36 ;Account
A00966;East;Ling;Deliver;;2021-06-21;2021-07-14;1;;; 0.25 ; 7.31 ;P.O.
A00967;East;Ling;Assess;;2021-06-21;;2;;;; 120.00 ;Account
A00968;Northwest;Cartier;Assess;;2021-06-21;;1;;;; 193.84 ;C.O.D.
A00969;Northwest;Cartier;Assess;;2021-06-21;;1;;;; 901.50 ;P.O.
A00970;Central;Cartier;Deliver;;2021-06-21;;1;;;; 64.34 ;Account
A00971;Central;Cartier;Deliver;;2021-06-21;;1;;;; 64.34 ;Account
A00972;Central;Burton;Assess;;2021-06-21;;2;;;; 282.00 ;C.O.D.
A00973;West;Khan;Deliver;;2021-06-22;2021-07-16;1;;; 0.25 ; 21.33 ;Account
A00974;North;Ling;Assess;;2021-06-22;2021-07-19;2;;; 0.25 ; 55.89 ;Account
A00975;Northwest;Khan;Replace;;2021-06-22;2021-07-21;2;;; 0.50 ; 227.13 ;Account
A00976;Northwest;Cartier;Replace;;2021-06-22;;2;Yes;Yes;; 593.44 ;Warranty
A00977;Central;Burton;Replace;;2021-06-22;;1;;;; 65.50 ;Account
A00978;East;Ling;Replace;;2021-06-22;;2;;;; 1,137.74 ;Account
A00979;Central;Cartier;Repair;;2021-06-22;;1;;;; 273.00 ;C.O.D.
A00980;South;Lopez;Deliver;;2021-06-23;2021-06-25;1;;; 0.25 ; 270.45 ;Account
A00981;Central;Khan;Assess;;2021-06-23;2021-07-03;1;;; 1.00 ; 180.00 ;P.O.
A00982;South;Lopez;Repair;;2021-06-23;2021-07-13;1;;; 1.00 ; 188.95 ;Account
A00983;Northeast;Ling;Deliver;;2021-06-23;2021-07-21;1;;; 0.25 ; 37.58 ;Account
A00984;Northwest;Cartier;Replace;;2021-06-23;2021-07-19;1;;; 0.50 ; 20.00 ;Account
A00985;South;Burton;Deliver;;2021-06-23;2021-07-19;1;;; 0.25 ; 78.28 ;C.O.D.
A00986;South;Ling;Deliver;;2021-06-23;2021-07-22;1;;; 0.25 ; 37.29 ;Account
A00987;North;Ling;Deliver;Yes;2021-06-23;;1;;;; 48.59 ;C.O.D.
A00988;Central;Burton;Assess;;2021-06-23;;2;;;; 164.40 ;C.O.D.
A00989;North;Ling;Deliver;;2021-06-24;2021-07-15;2;;; 0.25 ; 268.06 ;Account
A00990;West;Khan;Deliver;;2021-06-24;2021-07-23;1;;; 0.25 ; 19.20 ;P.O.
A00991;North;Ling;Assess;;2021-06-24;2021-07-19;2;;; 0.25 ; 21.33 ;Account
A00992;North;Burton;Replace;;2021-06-24;;1;;;; 7.50 ;C.O.D.
A00993;North;Ling;Deliver;;2021-06-24;;1;;;; 115.19 ;Account
A00994;North;Ling;Deliver;;2021-06-24;;1;;;; 120.00 ;Account
A00995;East;Ling;Deliver;;2021-06-24;;1;;;; 21.00 ;Account
A00996;East;Ling;Assess;;2021-06-24;;1;;;; 58.89 ;C.O.D.
A00997;Central;Burton;Deliver;;2021-06-24;;1;;;; 32.67 ;C.O.D.
A00998;Southeast;Burton;Repair;;2021-06-24;;2;;;; 205.28 ;C.O.D.
A00999;Central;Khan;Replace;;2021-06-24;;2;;;; 223.65 ;Account
A01000;Northwest;Khan;Repair;;2021-06-25;2021-07-16;1;;; 6.25 ; 20.00 ;C.O.D.
A01001;Northwest;Khan;Repair;;2021-06-25;;1;;;; 415.28 ;P.O.
A01002;Southeast;Khan;Assess;;2021-06-26;2021-07-24;2;;; 0.25 ; 237.21 ;C.O.D.
A01003;North;Ling;Replace;;2021-06-28;2021-07-19;2;;; 2.50 ; 106.65 ;Account
A01004;Central;Cartier;Replace;Yes;2021-06-28;;2;;;; 60.00 ;C.O.D.
A01005;North;Ling;Deliver;;2021-06-29;2021-07-09;1;;; 0.25 ; 20.07 ;Account
A01006;South;Burton;Replace;;2021-06-29;2021-07-15;2;;; 0.50 ; 215.99 ;Account
A01007;West;Khan;Deliver;;2021-06-29;2021-07-14;1;;; 0.25 ; 18.00 ;C.O.D.
A01008;North;Ling;Deliver;;2021-06-29;;1;;;; 43.01 ;C.O.D.
A01009;North;Ling;Assess;;2021-06-29;;1;;;; 58.50 ;Account
A01010;Southeast;Khan;Replace;;2021-06-29;;1;;;; 146.72 ;C.O.D.
A01011;Central;Cartier;Install;;2021-06-29;;1;;;; 60.00 ;Account
A01012;Southeast;Burton;Assess;;2021-06-29;;2;;;; 180.00 ;C.O.D.
A01013;East;Ling;Install;;2021-06-29;;2;;;; 165.00 ;Account
A01014;South;Burton;Install;;2021-06-30;2021-07-12;2;;; 1.00 ; 183.54 ;Account
A01015;South;Burton;Repair;;2021-06-30;2021-07-13;2;;; 1.75 ; 333.90 ;Account
A01016;Northwest;Khan;Assess;Yes;2021-06-30;2021-07-21;2;;; 0.50 ; 23.90 ;Account
A01017;Northwest;Khan;Assess;Yes;2021-06-30;2021-07-21;2;;; 0.50 ; 38.50 ;Account
A01018;Central;Khan;Replace;;2021-06-30;;2;;;; 103.18 ;C.O.D.
A01019;Northwest;Khan;Assess;;2021-06-30;;1;;;; 68.50 ;Account
A01020;Southeast;Burton;Repair;;2021-06-30;;2;;;; 309.64 ;C.O.D.
A01021;Northeast;Ling;Install;;2021-06-30;;2;;;; 625.50 ;Account
A01022;North;Ling;Repair;;2021-06-30;;2;;;; 687.92 ;C.O.D.
A01023;West;Khan;Assess;;2021-06-30;;1;;;; 110.69 ;P.O.
A01024;Southwest;Burton;Assess;;2021-06-30;;2;;;; 151.81 ;C.O.D.
A01025;North;Ling;Assess;;2021-07-01;;2;;;; 120.00 ;Account
A01026;West;Khan;Deliver;;2021-07-02;;1;;;; 74.78 ;Account
A01027;Central;Cartier;Install;;2021-07-02;;2;;;; 445.16 ;C.O.D.
A01028;Central;Khan;Assess;;2021-07-05;2021-07-20;2;;; 0.50 ; 85.32 ;Account
A01029;West;Khan;Assess;;2021-07-05;;2;;;; 180.33 ;Account
A01030;East;Ling;Replace;;2021-07-05;;2;;;; 21.33 ;Account
A01031;Northwest;Lopez;Install;;2021-07-05;;2;;;; 1,630.12 ;C.O.D.
A01032;South;Burton;Deliver;;2021-07-06;2021-07-13;1;;; 0.25 ; 122.36 ;Account
A01033;Northwest;Cartier;Assess;;2021-07-06;2021-07-22;1;;; 0.50 ; 120.00 ;Account
A01034;North;Ling;Assess;;2021-07-06;;1;;;; 48.79 ;Account
A01035;North;Ling;Replace;;2021-07-06;;2;;;; 94.63 ;C.O.D.
A01036;Southeast;Cartier;Replace;;2021-07-06;;1;;;; 142.38 ;C.O.D.
A01037;North;Ling;Replace;;2021-07-06;;2;;;; 37.29 ;C.O.D.
A01038;Southeast;Burton;Repair;;2021-07-07;2021-07-21;2;;; 1.00 ; 46.86 ;P.O.
A01039;Northwest;Khan;Assess;Yes;2021-07-07;2021-07-21;2;;; 0.50 ; 74.53 ;Account
A01040;North;Ling;Deliver;;2021-07-07;;1;;;; 140.13 ;Account
A01041;East;Ling;Replace;;2021-07-07;;2;;;; 191.69 ;Account
A01042;Central;Burton;Deliver;;2021-07-07;;1;;;; 64.34 ;C.O.D.
A01043;South;Burton;Replace;;2021-07-07;;2;;;; 335.62 ;P.O.
A01044;Southwest;Burton;Replace;;2021-07-07;;2;;;; 414.86 ;C.O.D.
A01045;Central;Khan;Repair;;2021-07-08;2021-07-19;2;;; 1.00 ; 312.19 ;C.O.D.
A01046;Central;Cartier;Install;Yes;2021-07-08;;2;;;; 116.10 ;C.O.D.
A01047;East;Ling;Repair;;2021-07-08;;2;;;; 187.55 ;C.O.D.
A01048;Central;Burton;Install;;2021-07-08;;2;Yes;Yes;; 3,060.34 ;Warranty
A01049;Central;Burton;Assess;;2021-07-01;;2;;;; 250.83 ;C.O.D.
A01050;South;Burton;Assess;;2021-07-10;;1;;;; 320.71 ;C.O.D.
A01051;Central;Burton;Assess;Yes;2021-07-12;2021-07-21;1;;; 0.75 ; 74.95 ;C.O.D.
A01052;Southeast;Burton;Replace;Yes;2021-07-12;2021-07-22;2;;; 1.75 ; 120.00 ;P.O.
A01053;North;Ling;Assess;;2021-07-12;;2;;;; 169.02 ;Account
A01054;East;Ling;Deliver;;2021-07-12;;2;;;; 145.00 ;C.O.D.
A01055;Central;Cartier;Install;;2021-07-12;;1;;;; 399.84 ;Account
A01056;Northeast;Burton;Repair;;2021-07-12;;1;;;; 464.21 ;C.O.D.
A01057;Southeast;Khan;Assess;Yes;2021-07-13;2021-07-20;1;;; 0.50 ; 83.46 ;C.O.D.
A01058;North;Ling;Assess;;2021-07-13;;2;;;; 58.50 ;Account
A01059;South;Burton;Assess;;2021-07-13;;1;;;; 61.18 ;Account
A01060;South;Burton;Assess;;2021-07-13;;1;;;; 220.73 ;C.O.D.
A01061;Northeast;Ling;Replace;Yes;2021-07-13;;2;;;; 66.86 ;C.O.D.
A01062;Northwest;Cartier;Replace;;2021-07-14;;1;;;; 120.00 ;P.O.
A01063;Northwest;Cartier;Replace;;2021-07-14;;1;;;; 120.00 ;P.O.
A01064;Northwest;Cartier;Replace;;2021-07-14;;1;;;; 120.00 ;P.O.
A01065;Southwest;Burton;Assess;;2021-07-14;;1;;;; 166.62 ;C.O.D.
A01066;Northeast;Ling;Replace;;2021-07-14;;2;;;; 336.26 ;Account
A01067;Northwest;Khan;Repair;;2021-07-14;;2;;;; 1,000.45 ;Account
A01068;Central;Burton;Install;Yes;2021-07-15;2021-07-15;1;;; 1.00 ; 310.93 ;C.O.D.
A01069;Northeast;Ling;Replace;;2021-07-15;;2;;;; 450.20 ;Account
A01070;North;Ling;Replace;;2021-07-15;;2;;;; 186.00 ;Account
A01071;Central;Khan;Replace;;2021-07-16;2021-07-29;1;;; 1.50 ; 1,111.50 ;P.O.
A01072;East;Ling;Repair;;2021-07-16;;2;;;; 170.00 ;Account
A01073;North;Ling;Replace;;2021-07-16;;2;;;; 180.00 ;Account
A01074;Northwest;Cartier;Assess;;2021-07-17;2021-07-26;1;;; 0.75 ; 48.00 ;C.O.D.
A01075;Central;Burton;Replace;;2021-07-17;;2;Yes;Yes;; 1,019.98 ;Warranty
A01076;Southeast;Burton;Assess;;2021-07-19;2021-07-19;1;;; 0.50 ; 161.80 ;C.O.D.
A01077;North;Ling;Assess;;2021-07-19;;2;;;; 61.24 ;C.O.D.
A01078;West;Khan;Replace;;2021-07-19;;2;;;; 440.03 ;C.O.D.
A01079;West;Khan;Repair;;2021-07-19;;2;;;; 351.00 ;Account
A01080;Central;Khan;Replace;;2021-07-19;;2;;;; 519.01 ;C.O.D.
A01081;Southeast;Burton;Assess;;2021-07-19;;2;;;; 138.08 ;C.O.D.
A01082;North;Ling;Replace;;2021-07-19;;2;;;; 1,073.46 ;Account
A01083;North;Ling;Replace;;2021-07-19;;2;;;; 48.49 ;Account
A01084;West;Khan;Replace;;2021-07-19;;1;;;; 45.24 ;Account
A01085;North;Ling;Assess;;2021-07-19;;1;;;; 288.42 ;C.O.D.
A01086;Central;Burton;Replace;;2021-07-20;;1;;;; 38.50 ;Account
A01087;South;Burton;Deliver;;2021-07-20;;1;;;; 108.00 ;Account
A01088;North;Ling;Assess;;2021-07-20;;2;;;; 142.85 ;Account
A01089;Central;Cartier;Assess;;2021-07-21;;1;;;; 85.94 ;Account
A01090;North;Ling;Replace;;2021-07-21;;2;;;; 21.33 ;Account
A01091;Northwest;Cartier;Replace;;2021-07-21;;2;;;; 602.66 ;C.O.D.
A01092;Northwest;Cartier;Assess;Yes;2021-07-22;;2;;;; 66.89 ;C.O.D.
A01093;Northwest;Khan;Repair;;2021-07-22;;1;;;; 472.55 ;Account
A01094;Southeast;Cartier;Assess;;2021-07-22;;1;;;; 147.70 ;C.O.D.
A01095;Southeast;Burton;Assess;;2021-07-22;;2;;;; 237.21 ;C.O.D.
A01096;Northwest;Cartier;Repair;;2021-07-22;;1;;;; 128.81 ;C.O.D.
A01097;Central;Cartier;Assess;;2021-07-23;;1;;;; 84.89 ;C.O.D.
A01098;East;Ling;Deliver;;2021-07-24;;1;;;; 122.32 ;Account
A01100;East;Ling;Assess;;2021-07-29;;2;;;; 210.45 ;C.O.D.
